DROP TABLE IF EXISTS BlockUser;
DROP TABLE IF EXISTS HorairePoubelle;
DROP TABLE IF EXISTS Evenement;
DROP TABLE IF EXISTS Connexion;
DROP TABLE IF EXISTS Requete;
DROP TABLE IF EXISTS Pause;
DROP TABLE IF EXISTS Horaire;
DROP TABLE IF EXISTS User;
DROP TABLE IF EXISTS Coupure;
DROP TABLE IF EXISTS Societe;

CREATE TABLE Societe(
    id INT PRIMARY KEY AUTO_INCREMENT,
    nomSociete VARCHAR(20) NOT NULL
);

CREATE TABLE Coupure(
    idSociete INT NOT NULL,
    borneDebut TIME NOT NULL,
    borneFin TIME NOT NULL,
    temps TIME NOT NULL,
    PRIMARY KEY(idSociete, borneDebut),
    FOREIGN KEY (idSociete) REFERENCES Societe(id)
);

CREATE TABLE `User`(
	id INT PRIMARY KEY AUTO_INCREMENT,
	nom VARCHAR(30) NOT NULL,
	prenom VARCHAR(30) NOT NULL,
	email VARCHAR(50) NOT NULL,
    telephone VARCHAR(20) DEFAULT NULL,
	genre VARCHAR(5) NOT NULL,
	code VARCHAR(6) NOT NULL,
    inscription DATE NOT NULL,
    idSociete INT DEFAULT NULL,
	verifie TINYINT(4) DEFAULT 0,
	cleSecurite TEXT,
	ancienPlanning TINYINT(4) DEFAULT 0,
	preferenceEmail TINYINT(4) DEFAULT 0,
	bloquer TINYINT(4) DEFAULT 0,
	desactiver TINYINT(4) DEFAULT 0,
	FOREIGN KEY (idSociete) REFERENCES Societe(id)
);

CREATE TABLE Horaire(
    idHoraire INT PRIMARY KEY AUTO_INCREMENT,
	idUser INT NOT NULL,
    datage Date NOT NULL,
	hDebut TIME NOT NULL,
	hFin TIME,
	coupure TIME DEFAULT '00:00:00',
	decouchage TINYINT(4) DEFAULT 0,
    FOREIGN KEY (idUser) REFERENCES User(id)
);

CREATE TABLE Pause(
    id INT PRIMARY KEY AUTO_INCREMENT,
    idUser INT NOT NULL,
    hDebut TIME NOT NULL,
    hFin TIME,
    FOREIGN KEY (idUser) REFERENCES User(id)
);

CREATE TABLE Requete(
    id INT PRIMARY KEY AUTO_INCREMENT,
    idUser INT NOT NULL,
    type VARCHAR(50) NOT NULL,
    message TEXT NOT NULL,
    dateReception DATE NOT NULL,
    dateTraitement DATE DEFAULT NULL,
    FOREIGN KEY (idUser) REFERENCES User(id)
);

CREATE TABLE Connexion(
    idUser INT NOT NULL,
    dateConnexion DATETIME DEFAULT CURRENT_TIMESTAMP,
    appareil VARCHAR(50) NOT NULL,
    PRIMARY KEY (idUser, dateConnexion),
    FOREIGN KEY (idUser) REFERENCES User(id)
);

CREATE TABLE Evenement(
    id INT PRIMARY KEY AUTO_INCREMENT,
    idUser INT DEFAULT NULL,
    dateEvenement DATETIME DEFAULT CURRENT_TIMESTAMP,
    type VARCHAR(50) NOT NULL,
    description TEXT NOT NULL,
    important TINYINT(4) DEFAULT 0,
    connaissance DATETIME,
    FOREIGN KEY (idUser) REFERENCES User(id)
);

CREATE TABLE HorairePoubelle(
    idHoraire INT NOT NULL,
    datePoubelle DATETIME DEFAULT CURRENT_TIMESTAMP,
    dateSuppression DATE NOT NULL,
    PRIMARY KEY (idHoraire, datePoubelle),
    FOREIGN KEY (idHoraire) REFERENCES Horaire(idHoraire)
);

CREATE TABLE BlockUser(
    ipAdresse TEXT NOT NULL,
    datage DATETIME DEFAULT CURRENT_TIMESTAMP
);

INSERT INTO `Societe`
(`id`, `nomSociete`)
VALUES
    (1, 'Santos'),
    (2, 'THC');

INSERT INTO `Coupure`
(`idSociete`, `borneDebut`, `borneFin`, `temps`)
VALUES
    (1, '00:00:00', '05:59:00', '00:00:00'),
    (1, '06:00:00', '09:29:00', '00:45:00'),
    (1, '09:30:00', '12:29:00', '01:15:00'),
    (1, '12:30:00', '23:59:00', '01:30:00'),
    (2, '00:00:00', '09:00:00', '00:45:00'),
    (2, '09:01:00', '12:00:00', '01:00:00'),
    (2, '12:01:00', '23:59:00', '01:30:00');

INSERT INTO `User`
    (`id`, `nom`, `prenom`, `email`, `telephone`, `genre`, `code`, `inscription`, `idSociete`, `verifie`, `cleSecurite`, `ancienPlanning`)
    VALUES
        (1, 'Bronsin', 'Stéphane', 'stefetlo@hotmail.com', NULL, 'Mr', '092715', '2022-03-01', 1, 0, NULL, 0),
        (2, 'Bronsin', 'Baptiste', 'baptiste.bronsin@outlook.com', NULL, 'Mr', '010209', '2022-03-01', NULL, 1, '4660969696', 0),
        (3, 'Nocenti', 'Gary', 'garynadege@live.fr', NULL, 'Mr', '111000', '2022-03-05', 1, 0, NULL, 1),
        (4, 'Mellet', 'Lionel', 'lionel.mellet11@orange.fr', NULL, 'Mr', '110111', '2022-03-07', 1, 0, NULL, 0),
        (5, 'Courtin', 'Tony', 'tonytyno30420@gmail.com', NULL, 'Mr', '220275', '2022-04-28', 1, 0, NULL, 0),
        (6, 'Munoz', 'Marjorie', 'marjo_13_3@hotmail.fr', NULL, 'Mlle', '230791', '2022-04-29', 1, 0, NULL, 0),
        (7, 'Calippe ', 'Yannig ', 'yan34320@live.fr', NULL, 'M', '190670', '2022-06-18', 2, 0, NULL, 0),
        (8, 'Perez', 'Jean ', 'jean.perez3600@gmail.com', NULL, 'M', '197709', '2022-08-18', 1, 0, NULL, 0),
        (9, 'Carrascosa', 'Jason', 'jason.carrascosa@gmail.com', NULL, 'M', '170797', '2022-08-18', 1, 0, NULL, 0);

INSERT INTO
    `Horaire`
    (`idHoraire`, `idUser`, `datage`, `hDebut`, `hFin`, `coupure`, `decouchage`)
    VALUES
        (1, 1, '2022-03-01', '05:00:00', '17:30:00', '01:15:00', 1),
        (2, 1, '2022-03-02', '05:00:00', '15:30:00', '01:15:00', 0),
        (3, 1, '2022-03-03', '05:25:00', '20:12:00', '01:30:00', 1),
        (4, 1, '2022-03-04', '05:10:00', '15:51:00', '01:15:00', 0),
        (5, 1, '2022-03-08', '06:15:00', '18:28:00', '01:15:00', 0),
        (6, 1, '2022-03-09', '05:01:00', '18:16:00', '01:30:00', 0),
        (7, 1, '2022-03-10', '05:01:00', '16:34:00', '01:15:00', 0),
        (8, 1, '2022-03-11', '05:00:00', '18:18:00', '01:30:00', 0),
        (9, 1, '2022-03-14', '05:00:00', '17:29:00', '01:15:00', 0),
        (10, 1, '2022-03-15', '05:15:00', '17:36:00', '01:15:00', 0),
        (11, 1, '2022-03-16', '05:01:00', '18:47:00', '01:30:00', 0),
        (12, 1, '2022-03-17', '05:00:00', '17:18:00', '01:15:00', 0),
        (13, 1, '2022-03-18', '05:00:00', '18:18:00', '01:30:00', 0),
        (14, 1, '2022-03-21', '05:43:00', '18:53:00', '01:30:00', 0),
        (15, 1, '2022-03-22', '05:56:00', '17:13:00', '01:15:00', 0),
        (16, 1, '2022-03-23', '05:00:00', '18:09:00', '01:30:00', 0),
        (17, 1, '2022-03-24', '05:58:00', '18:46:00', '01:30:00', 0),
        (18, 1, '2022-03-25', '05:00:00', '12:38:00', '00:45:00', 0),
        (19, 1, '2022-03-28', '05:01:00', '17:09:00', '01:15:00', 0),
        (20, 1, '2022-03-29', '05:00:00', '18:31:00', '01:30:00', 1),
        (21, 1, '2022-03-30', '06:29:00', '19:54:00', '01:30:00', 0),
        (22, 1, '2022-03-31', '05:00:00', '16:53:00', '01:15:00', 0),
        (23, 1, '2022-04-01', '05:00:00', '18:20:00', '01:30:00', 0),
        (24, 1, '2022-04-11', '05:00:00', '19:02:00', '01:30:00', 0),
        (25, 1, '2022-04-12', '05:00:00', '16:31:00', '01:15:00', 0),
        (26, 1, '2022-04-13', '05:00:00', '17:59:00', '01:30:00', 1),
        (27, 1, '2022-04-14', '05:58:00', '15:26:00', '00:45:00', 0),
        (28, 1, '2022-04-15', '05:00:00', '18:39:00', '01:30:00', 0),
        (29, 1, '2022-04-19', '05:00:00', '18:18:00', '01:30:00', 0),
        (30, 1, '2022-04-20', '05:00:00', '17:09:00', '01:15:00', 0),
        (31, 1, '2022-04-21', '05:00:00', '17:29:00', '01:15:00', 0),
        (32, 1, '2022-04-22', '05:00:00', '19:13:00', '01:30:00', 0),
        (33, 1, '2022-04-23', '07:29:00', '16:38:00', '00:45:00', 1),
        (34, 1, '2022-04-25', '05:00:00', '16:30:00', '01:15:00', 0),
        (35, 1, '2022-04-26', '06:00:00', '18:50:00', '01:30:00', 0),
        (36, 1, '2022-04-27', '07:01:00', '18:58:00', '01:15:00', 0),
        (37, 1, '2022-04-28', '05:00:00', '17:04:00', '01:15:00', 0),
        (38, 1, '2022-04-29', '05:02:00', '17:19:00', '01:15:00', 0),
        (39, 1, '2022-05-02', '05:14:00', '18:21:00', '01:30:00', 0),
        (40, 1, '2022-05-03', '05:55:00', '18:24:00', '01:15:00', 0),
        (41, 1, '2022-05-04', '05:00:00', '17:01:00', '01:15:00', 0),
        (42, 1, '2022-05-05', '05:00:00', '19:46:00', '01:30:00', 0),
        (43, 1, '2022-05-06', '06:16:00', '17:37:00', '01:15:00', 0),
        (44, 1, '2022-05-09', '05:00:00', '16:25:00', '01:15:00', 0),
        (45, 1, '2022-05-10', '05:00:00', '17:20:00', '01:15:00', 0),
        (46, 1, '2022-05-11', '05:18:00', '18:53:00', '01:30:00', 0),
        (47, 1, '2022-05-12', '05:00:00', '17:11:00', '01:15:00', 0),
        (48, 1, '2022-05-13', '05:00:00', '17:10:00', '01:15:00', 0),
        (49, 1, '2022-05-16', '06:02:00', '15:29:00', '00:45:00', 0),
        (50, 1, '2022-05-17', '05:01:00', '18:13:00', '01:30:00', 0),
        (51, 1, '2022-05-18', '05:00:00', '16:43:00', '01:15:00', 0),
        (52, 1, '2022-05-19', '05:00:00', '17:28:00', '01:15:00', 0),
        (53, 1, '2022-05-20', '05:00:00', '18:55:00', '01:30:00', 0),
        (54, 1, '2022-05-23', '05:00:00', '11:28:00', '00:00:00', 0),
        (55, 1, '2022-05-24', '05:00:00', '18:45:00', '01:30:00', 1),
        (56, 1, '2022-05-25', '06:02:00', '18:20:00', '01:15:00', 0),
        (57, 1, '2022-05-30', '05:00:00', '16:28:00', '01:15:00', 0),
        (58, 1, '2022-05-31', '05:00:00', '17:28:00', '01:15:00', 0),
        (59, 1, '2022-06-01', '05:00:00', '17:28:00', '01:15:00', 0),
        (60, 1, '2022-06-02', '05:00:00', '16:15:00', '01:15:00', 0),
        (61, 1, '2022-06-03', '06:05:00', '14:43:00', '00:45:00', 0),
        (62, 1, '2022-06-07', '05:00:00', '18:07:00', '01:30:00', 0),
        (63, 1, '2022-06-08', '05:01:00', '17:29:00', '01:15:00', 0),
        (64, 1, '2022-06-09', '05:57:00', '16:30:00', '01:15:00', 0),
        (65, 1, '2022-06-10', '04:59:00', '16:34:00', '01:15:00', 0),
        (66, 1, '2022-06-13', '05:00:00', '17:29:00', '01:15:00', 0),
        (67, 1, '2022-06-14', '05:00:00', '16:23:00', '01:15:00', 0),
        (68, 1, '2022-06-15', '05:01:00', '17:12:00', '01:15:00', 0),
        (69, 1, '2022-06-16', '05:00:00', '19:02:00', '01:30:00', 0),
        (70, 1, '2022-06-17', '04:02:00', '14:22:00', '01:15:00', 0),
        (71, 1, '2022-06-20', '05:00:00', '16:58:00', '01:15:00', 0),
        (72, 1, '2022-06-21', '05:00:00', '18:16:00', '01:30:00', 1),
        (73, 1, '2022-06-22', '06:00:00', '18:04:00', '01:15:00', 0),
        (74, 1, '2022-06-23', '05:00:00', '16:45:00', '01:15:00', 0),
        (75, 1, '2022-06-24', '05:00:00', '16:37:00', '01:15:00', 0),
        (76, 1, '2022-06-27', '05:00:00', '17:47:00', '01:30:00', 0),
        (77, 1, '2022-06-28', '05:00:00', '19:06:00', '01:30:00', 0),
        (78, 1, '2022-06-29', '05:00:00', '17:27:00', '01:15:00', 0),
        (79, 1, '2022-06-30', '05:00:00', '17:48:00', '01:30:00', 0),
        (80, 1, '2022-07-01', '05:00:00', '15:20:00', '01:15:00', 0),
        (81, 1, '2022-07-04', '05:00:00', '16:25:00', '01:15:00', 0),
        (82, 1, '2022-07-05', '05:00:00', '18:35:00', '01:30:00', 0),
        (83, 1, '2022-07-06', '04:29:00', '17:16:00', '01:30:00', 0),
        (84, 1, '2022-07-07', '05:00:00', '18:54:00', '01:30:00', 0),
        (85, 1, '2022-07-08', '05:50:00', '17:34:00', '01:15:00', 0),
        (86, 1, '2022-07-11', '07:30:00', '16:58:00', '00:45:00', 0),
        (87, 1, '2022-07-12', '05:00:00', '18:20:00', '01:30:00', 0),
        (88, 1, '2022-07-13', '05:57:00', '17:23:00', '01:15:00', 0),
        (89, 1, '2022-07-14', '07:00:00', '16:00:00', '00:45:00', 0),
        (90, 1, '2022-07-15', '05:00:00', '16:18:00', '01:15:00', 0),
        (91, 1, '2022-07-18', '05:00:00', '16:49:00', '01:15:00', 0),
        (92, 1, '2022-07-19', '05:00:00', '18:17:00', '01:30:00', 0),
        (93, 1, '2022-08-06', '08:12:00', '08:58:00', '00:00:00', 0),
        (94, 1, '2022-08-08', '06:58:00', '18:21:00', '01:15:00', 0),
        (95, 1, '2022-08-09', '05:26:00', '17:15:00', '01:15:00', 0),
        (96, 1, '2022-08-10', '05:00:00', '18:05:00', '01:30:00', 0),
        (97, 1, '2022-08-11', '05:00:00', '16:58:00', '01:15:00', 0),
        (98, 1, '2022-08-12', '05:00:00', '17:23:00', '01:15:00', 0),
        (99, 1, '2022-08-15', '08:00:00', '16:45:00', '00:45:00', 0),
        (100, 1, '2022-08-16', '05:59:00', '16:35:00', '01:15:00', 0),
        (101, 1, '2022-08-17', '05:00:00', '18:54:00', '01:30:00', 0),
        (102, 1, '2022-08-18', '05:00:00', '18:04:00', '01:30:00', 0),
        (103, 1, '2022-08-19', '05:00:00', '18:34:00', '01:30:00', 0),
        (104, 1, '2022-08-22', '05:00:00', '17:02:00', '01:15:00', 0),
        (105, 1, '2022-08-23', '05:00:00', '17:29:00', '01:15:00', 0),
        (106, 2, '2020-01-01', '07:50:00', '16:50:00', '01:00:00', 0),
        (107, 2, '2022-01-01', '07:02:00', '14:02:00', '01:00:00', 0),
        (108, 2, '2022-02-01', '08:02:00', '14:02:00', '01:00:00', 0),
        (109, 2, '2022-03-01', '08:02:00', '14:02:00', '01:00:00', 0),
        (110, 2, '2022-04-01', '09:03:00', '14:03:00', '01:00:00', 0),
        (111, 2, '2022-05-01', '08:03:00', '14:03:00', '01:00:00', 0),
        (112, 2, '2022-05-28', '04:48:00', '14:48:00', '07:00:00', 0),
        (113, 2, '2022-06-01', '07:03:00', '14:03:00', '01:00:00', 0),
        (114, 2, '2022-07-01', '07:03:00', '14:03:00', '01:00:00', 0),
        (115, 2, '2022-08-01', '05:03:00', '14:03:00', '01:00:00', 0),
        (116, 2, '2022-09-01', '05:04:00', '14:04:00', '01:00:00', 0),
        (117, 2, '2022-10-01', '06:04:00', '14:04:00', '01:00:00', 0),
        (118, 2, '2022-11-01', '04:04:00', '14:04:00', '01:00:00', 0),
        (119, 2, '2022-12-01', '05:04:00', '14:04:00', '01:00:00', 0),
        (120, 2, '2023-01-01', '07:05:00', '14:05:00', '01:00:00', 0),
        (121, 2, '2023-02-01', '05:05:00', '14:05:00', '01:00:00', 0),
        (122, 2, '2023-03-01', '05:05:00', '14:05:00', '01:00:00', 0),
        (123, 2, '2023-04-01', '07:05:00', '14:05:00', '01:00:00', 0),
        (124, 3, '2022-03-01', '05:00:00', '19:20:00', '01:30:00', 1),
        (125, 3, '2022-03-02', '05:00:00', '17:30:00', '01:30:00', 0),
        (126, 3, '2022-03-03', '05:00:00', '17:15:00', '01:15:00', 0),
        (127, 3, '2022-03-04', '05:00:00', '14:45:00', '01:15:00', 0),
        (128, 3, '2022-03-05', '05:00:00', '07:00:00', '00:00:00', 0),
        (129, 3, '2022-03-07', '05:48:00', '15:04:00', '00:45:00', 0),
        (130, 3, '2022-03-08', '05:04:00', '19:50:00', '01:30:00', 1),
        (131, 3, '2022-03-09', '05:00:00', '19:19:00', '01:30:00', 0),
        (132, 3, '2022-03-10', '05:35:00', '17:39:00', '01:15:00', 0),
        (133, 3, '2022-03-11', '05:32:00', '16:53:00', '01:15:00', 0),
        (134, 3, '2022-03-14', '05:03:00', '18:14:00', '01:30:00', 0),
        (135, 3, '2022-03-15', '05:34:00', '17:46:00', '01:15:00', 0),
        (136, 3, '2022-03-16', '05:21:00', '18:22:00', '01:30:00', 1),
        (137, 3, '2022-03-17', '06:20:00', '16:44:00', '01:15:00', 0),
        (138, 3, '2022-03-18', '05:32:00', '16:16:00', '01:15:00', 0),
        (139, 3, '2022-03-21', '05:03:00', '19:02:00', '01:30:00', 0),
        (140, 3, '2022-03-22', '05:05:00', '18:34:00', '01:30:00', 0),
        (141, 3, '2022-03-23', '05:35:00', '18:57:00', '01:30:00', 0),
        (142, 3, '2022-03-24', '06:02:00', '17:56:00', '01:15:00', 0),
        (143, 3, '2022-03-25', '06:02:00', '18:36:00', '01:30:00', 0),
        (144, 3, '2022-03-28', '05:04:00', '17:12:00', '01:15:00', 0),
        (145, 3, '2022-03-29', '05:31:00', '17:10:00', '01:15:00', 0),
        (146, 3, '2022-03-30', '05:35:00', '19:52:00', '01:30:00', 0),
        (147, 3, '2022-03-31', '05:06:00', '16:11:00', '01:15:00', 0),
        (148, 3, '2022-04-01', '05:27:00', '16:31:00', '01:15:00', 0),
        (149, 3, '2022-04-04', '05:38:00', '18:14:00', '01:30:00', 0),
        (150, 3, '2022-04-05', '05:31:00', '19:45:00', '01:30:00', 0),
        (151, 3, '2022-04-06', '06:16:00', '19:00:00', '01:30:00', 0),
        (152, 3, '2022-04-07', '05:33:00', '18:20:00', '01:30:00', 0),
        (153, 3, '2022-04-08', '05:32:00', '18:32:00', '01:30:00', 0),
        (154, 3, '2022-04-11', '05:31:00', '17:14:00', '01:15:00', 0),
        (155, 3, '2022-04-12', '05:30:00', '17:29:00', '01:15:00', 0),
        (156, 3, '2022-04-13', '05:06:00', '18:38:00', '01:30:00', 0),
        (157, 3, '2022-04-14', '05:35:00', '18:01:00', '01:15:00', 0),
        (158, 3, '2022-04-15', '05:02:00', '19:21:00', '01:30:00', 0),
        (159, 3, '2022-04-18', '07:00:00', '15:45:00', '00:45:00', 0),
        (160, 3, '2022-04-19', '05:03:00', '17:41:00', '01:30:00', 0),
        (161, 3, '2022-04-20', '05:34:00', '18:43:00', '01:30:00', 0),
        (162, 3, '2022-04-21', '05:32:00', '19:08:00', '01:30:00', 0),
        (163, 3, '2022-04-22', '05:06:00', '19:00:00', '01:30:00', 0),
        (164, 3, '2022-04-25', '05:01:00', '17:25:00', '01:15:00', 0),
        (165, 3, '2022-04-26', '06:20:00', '18:04:00', '01:15:00', 0),
        (166, 3, '2022-04-27', '05:32:00', '17:04:00', '01:15:00', 0),
        (167, 3, '2022-04-28', '05:01:00', '18:27:00', '01:30:00', 0),
        (168, 3, '2022-04-29', '05:05:00', '17:15:00', '01:15:00', 0),
        (169, 3, '2022-05-02', '05:34:00', '18:32:00', '01:30:00', 0),
        (170, 3, '2022-05-03', '05:33:00', '16:28:00', '01:15:00', 0),
        (171, 3, '2022-05-04', '07:09:00', '18:47:00', '01:15:00', 0),
        (172, 3, '2022-05-05', '05:55:00', '18:38:00', '01:30:00', 0),
        (173, 3, '2022-05-06', '05:31:00', '19:29:00', '01:30:00', 0),
        (174, 3, '2022-05-16', '04:59:00', '18:13:00', '01:30:00', 0),
        (175, 3, '2022-05-17', '05:30:00', '19:15:00', '01:30:00', 0),
        (176, 3, '2022-05-18', '05:30:00', '19:59:00', '01:30:00', 0),
        (177, 3, '2022-05-19', '06:08:00', '18:27:00', '01:15:00', 0),
        (178, 3, '2022-05-20', '05:33:00', '16:31:00', '01:15:00', 0),
        (179, 3, '2022-05-23', '05:02:00', '12:30:00', '00:45:00', 0),
        (180, 3, '2022-05-24', '05:01:00', '18:49:00', '01:30:00', 0),
        (181, 3, '2022-05-25', '05:06:00', '16:14:00', '01:15:00', 0),
        (182, 3, '2022-05-27', '05:46:00', '15:42:00', '01:15:00', 0),
        (183, 3, '2022-05-30', '05:03:00', '14:17:00', '00:45:00', 0),
        (184, 3, '2022-05-31', '06:14:00', '16:18:00', '01:15:00', 0),
        (185, 3, '2022-06-01', '05:07:00', '17:04:00', '01:15:00', 0),
        (186, 3, '2022-06-02', '05:01:00', '19:09:00', '01:30:00', 0),
        (187, 3, '2022-06-03', '05:34:00', '16:13:00', '01:15:00', 0),
        (188, 3, '2022-06-07', '05:32:00', '16:37:00', '01:15:00', 0),
        (189, 3, '2022-06-08', '05:03:00', '17:09:00', '01:15:00', 0),
        (190, 3, '2022-06-09', '05:03:00', '19:00:00', '01:30:00', 0),
        (191, 3, '2022-06-10', '05:30:00', '17:33:00', '01:15:00', 0),
        (192, 3, '2022-06-13', '08:00:00', '16:45:00', '00:45:00', 0),
        (193, 3, '2022-06-14', '05:01:00', '16:23:00', '01:15:00', 0),
        (194, 3, '2022-06-15', '06:05:00', '14:58:00', '00:45:00', 0),
        (195, 3, '2022-06-16', '05:04:00', '17:23:00', '01:15:00', 0),
        (196, 3, '2022-06-17', '05:30:00', '17:55:00', '01:15:00', 0),
        (197, 3, '2022-06-20', '05:17:00', '17:30:00', '01:15:00', 0),
        (198, 3, '2022-06-21', '06:15:00', '17:33:00', '01:15:00', 0),
        (199, 3, '2022-06-22', '05:03:00', '18:25:00', '01:30:00', 0),
        (200, 3, '2022-06-23', '05:04:00', '16:16:00', '01:15:00', 0),
        (201, 3, '2022-06-24', '05:03:00', '16:54:00', '01:15:00', 0),
        (202, 3, '2022-06-27', '05:10:00', '19:21:00', '01:30:00', 0),
        (203, 3, '2022-06-28', '05:51:00', '16:22:00', '01:15:00', 0),
        (204, 3, '2022-06-29', '05:02:00', '17:09:00', '01:15:00', 0),
        (205, 3, '2022-06-30', '06:09:00', '19:55:00', '01:30:00', 0),
        (206, 3, '2022-07-01', '05:17:00', '17:59:00', '01:30:00', 0),
        (207, 3, '2022-07-04', '05:58:00', '16:31:00', '01:15:00', 0),
        (208, 3, '2022-07-05', '05:03:00', '16:48:00', '01:15:00', 0),
        (209, 3, '2022-07-06', '06:49:00', '17:54:00', '01:15:00', 0),
        (210, 3, '2022-07-07', '05:07:00', '17:20:00', '01:15:00', 0),
        (211, 3, '2022-07-08', '05:08:00', '16:58:00', '01:15:00', 0),
        (212, 3, '2022-07-11', '05:04:00', '15:42:00', '01:15:00', 0),
        (213, 3, '2022-07-12', '05:34:00', '16:39:00', '01:15:00', 0),
        (214, 3, '2022-07-13', '05:05:00', '19:36:00', '01:30:00', 1),
        (215, 3, '2022-07-14', '07:00:00', '15:45:00', '00:45:00', 0),
        (216, 3, '2022-07-15', '05:03:00', '17:07:00', '01:15:00', 0),
        (217, 3, '2022-07-18', '05:07:00', '17:14:00', '01:15:00', 0),
        (218, 3, '2022-07-19', '05:58:00', '18:18:00', '01:15:00', 0),
        (219, 3, '2022-07-20', '05:07:00', '17:43:00', '01:30:00', 0),
        (220, 3, '2022-07-21', '05:03:00', '18:27:00', '01:30:00', 0),
        (221, 3, '2022-07-22', '05:19:00', '14:24:00', '00:45:00', 0),
        (222, 3, '2022-07-25', '05:59:00', '17:29:00', '01:15:00', 0),
        (223, 3, '2022-07-26', '05:03:00', '18:29:00', '01:30:00', 0),
        (224, 3, '2022-07-27', '05:49:00', '17:24:00', '01:15:00', 0),
        (225, 3, '2022-07-28', '05:45:00', '17:00:00', '01:15:00', 0),
        (226, 3, '2022-07-29', '05:14:00', '18:25:00', '01:30:00', 0),
        (227, 3, '2022-08-08', '08:00:00', '15:45:00', '00:45:00', 0),
        (228, 3, '2022-08-09', '08:00:00', '15:45:00', '00:45:00', 0),
        (229, 3, '2022-08-10', '08:00:00', '15:45:00', '00:45:00', 0),
        (230, 3, '2022-08-11', '08:00:00', '15:45:00', '00:45:00', 0),
        (231, 3, '2022-08-12', '08:00:00', '15:45:00', '00:45:00', 0),
        (232, 3, '2022-08-13', '08:00:00', '12:00:00', '00:00:00', 0),
        (233, 3, '2022-08-15', '08:00:00', '16:15:00', '00:45:00', 0),
        (234, 3, '2022-08-16', '05:32:00', '16:21:00', '01:15:00', 0),
        (235, 3, '2022-08-17', '05:05:00', '18:32:00', '01:30:00', 0),
        (236, 3, '2022-08-18', '05:33:00', '17:39:00', '01:15:00', 0),
        (237, 3, '2022-08-19', '05:45:00', '18:08:00', '01:15:00', 0),
        (238, 3, '2022-08-22', '05:44:00', '17:18:00', '01:15:00', 0),
        (239, 3, '2022-08-23', '05:10:00', '18:39:00', '01:30:00', 0),
        (240, 4, '2022-03-03', '05:05:00', '16:45:00', '01:15:00', 0),
        (241, 4, '2022-03-07', '05:04:00', '17:33:00', '01:15:00', 1),
        (242, 4, '2022-03-08', '05:15:00', '20:36:00', '01:30:00', 1),
        (243, 4, '2022-03-09', '06:28:00', '18:05:00', '01:15:00', 1),
        (244, 4, '2022-03-10', '05:55:00', '17:55:00', '01:15:00', 1),
        (245, 4, '2022-03-11', '05:26:00', '20:38:00', '01:30:00', 0),
        (246, 4, '2022-03-14', '05:01:00', '18:40:00', '01:30:00', 0),
        (247, 4, '2022-03-15', '05:39:00', '18:55:00', '01:30:00', 0),
        (248, 4, '2022-03-16', '05:10:00', '18:00:00', '01:30:00', 0),
        (249, 4, '2022-03-17', '05:00:00', '18:45:00', '01:30:00', 0),
        (250, 4, '2022-03-18', '05:46:00', '15:24:00', '01:15:00', 0),
        (251, 4, '2022-04-04', '05:36:00', '18:03:00', '01:15:00', 1),
        (252, 4, '2022-04-05', '06:05:00', '19:58:00', '01:30:00', 0),
        (253, 4, '2022-04-06', '05:06:00', '18:31:00', '01:30:00', 0),
        (254, 4, '2022-04-07', '05:25:00', '17:30:00', '01:15:00', 1),
        (255, 4, '2022-04-08', '05:55:00', '17:26:00', '01:15:00', 0),
        (256, 4, '2022-04-11', '05:00:00', '17:59:00', '01:30:00', 1),
        (257, 4, '2022-04-12', '06:22:00', '17:45:00', '01:15:00', 0),
        (258, 4, '2022-04-13', '05:00:00', '19:05:00', '01:30:00', 0),
        (259, 4, '2022-04-14', '05:00:00', '18:30:00', '01:30:00', 0),
        (260, 4, '2022-04-15', '06:24:00', '17:01:00', '01:15:00', 0),
        (261, 4, '2022-04-19', '05:01:00', '16:23:00', '01:15:00', 0),
        (262, 4, '2022-04-20', '05:06:00', '17:46:00', '01:30:00', 0),
        (263, 4, '2022-04-21', '05:16:00', '18:20:00', '01:30:00', 0),
        (264, 4, '2022-04-22', '05:20:00', '18:14:00', '01:30:00', 0),
        (265, 4, '2022-05-02', '05:00:00', '18:35:00', '01:30:00', 0),
        (266, 4, '2022-05-03', '05:00:00', '18:34:00', '01:30:00', 1),
        (267, 4, '2022-05-04', '05:53:00', '17:14:00', '01:15:00', 0),
        (268, 4, '2022-05-05', '05:20:00', '19:10:00', '01:30:00', 0),
        (269, 4, '2022-05-06', '05:21:00', '18:07:00', '01:30:00', 0),
        (270, 4, '2022-05-09', '05:00:00', '15:16:00', '01:15:00', 0),
        (271, 4, '2022-05-10', '06:03:00', '18:08:00', '01:15:00', 0),
        (272, 4, '2022-05-11', '05:30:00', '18:20:00', '01:30:00', 0),
        (273, 4, '2022-05-12', '05:25:00', '17:54:00', '01:15:00', 0),
        (274, 4, '2022-05-13', '05:16:00', '14:36:00', '00:45:00', 0),
        (275, 4, '2022-05-16', '06:15:00', '19:45:00', '01:30:00', 0),
        (276, 4, '2022-05-17', '05:00:00', '17:45:00', '01:30:00', 0),
        (277, 4, '2022-05-18', '05:00:00', '17:39:00', '01:30:00', 0),
        (278, 4, '2022-05-19', '05:06:00', '18:20:00', '01:30:00', 0),
        (279, 4, '2022-05-20', '05:00:00', '17:25:00', '01:15:00', 0),
        (280, 4, '2022-05-23', '05:00:00', '17:16:00', '01:15:00', 0),
        (281, 4, '2022-05-24', '05:00:00', '18:50:00', '01:30:00', 0),
        (282, 4, '2022-05-25', '05:00:00', '16:27:00', '01:15:00', 0),
        (283, 4, '2022-05-27', '05:35:00', '16:35:00', '01:15:00', 0),
        (284, 4, '2022-05-30', '05:06:00', '16:42:00', '01:15:00', 0),
        (285, 4, '2022-05-31', '05:03:00', '18:28:00', '01:30:00', 0),
        (286, 4, '2022-06-01', '05:00:00', '16:06:00', '01:15:00', 0),
        (287, 4, '2022-06-02', '05:36:00', '17:45:00', '01:15:00', 0),
        (288, 4, '2022-06-03', '06:09:00', '12:34:00', '00:45:00', 0),
        (289, 4, '2022-06-07', '05:00:00', '18:15:00', '01:30:00', 1),
        (290, 4, '2022-06-08', '06:15:00', '17:45:00', '01:15:00', 0),
        (291, 4, '2022-06-09', '05:00:00', '17:15:00', '01:15:00', 0),
        (292, 4, '2022-06-10', '05:00:00', '16:40:00', '01:15:00', 0),
        (293, 4, '2022-06-13', '05:00:00', '18:20:00', '01:30:00', 0),
        (294, 4, '2022-06-14', '05:00:00', '17:45:00', '01:30:00', 0),
        (295, 4, '2022-06-15', '05:00:00', '17:29:00', '01:15:00', 0),
        (296, 4, '2022-06-16', '05:00:00', '17:50:00', '01:30:00', 0),
        (297, 4, '2022-06-17', '05:16:00', '17:33:00', '01:15:00', 0),
        (298, 4, '2022-06-20', '05:19:00', '18:35:00', '01:30:00', 0),
        (299, 4, '2022-06-21', '05:00:00', '17:00:00', '01:15:00', 0),
        (300, 4, '2022-06-22', '05:00:00', '18:51:00', '01:30:00', 0),
        (301, 4, '2022-06-23', '05:00:00', '17:25:00', '01:15:00', 0),
        (302, 4, '2022-06-24', '05:00:00', '11:50:00', '00:45:00', 0),
        (303, 4, '2022-07-04', '05:00:00', '17:21:00', '01:15:00', 0),
        (304, 4, '2022-07-05', '05:23:00', '17:28:00', '01:15:00', 0),
        (305, 4, '2022-07-06', '05:19:00', '16:12:00', '01:15:00', 0),
        (306, 4, '2022-07-07', '05:00:00', '19:56:00', '01:30:00', 0),
        (307, 4, '2022-07-08', '05:00:00', '20:44:00', '01:30:00', 0),
        (308, 4, '2022-07-11', '05:00:00', '17:16:00', '01:15:00', 0),
        (309, 4, '2022-07-12', '05:00:00', '17:06:00', '01:15:00', 0),
        (310, 4, '2022-07-13', '05:00:00', '18:16:00', '01:30:00', 0),
        (311, 4, '2022-07-15', '05:00:00', '17:16:00', '01:15:00', 0),
        (312, 4, '2022-07-18', '05:00:00', '16:26:00', '01:15:00', 0),
        (313, 4, '2022-07-19', '05:00:00', '19:00:00', '01:30:00', 0),
        (314, 4, '2022-07-20', '05:08:00', '17:30:00', '01:15:00', 0),
        (315, 4, '2022-07-21', '05:15:00', '16:20:00', '01:15:00', 0),
        (316, 4, '2022-07-22', '05:20:00', '15:00:00', '01:15:00', 0),
        (317, 4, '2022-08-01', '05:17:00', '16:22:00', '01:15:00', 0),
        (318, 4, '2022-08-02', '05:00:00', '17:47:00', '01:30:00', 0),
        (319, 4, '2022-08-03', '05:00:00', '17:29:00', '01:15:00', 0),
        (320, 4, '2022-08-04', '05:00:00', '18:26:00', '01:30:00', 0),
        (321, 4, '2022-08-05', '05:00:00', '15:46:00', '01:15:00', 0),
        (322, 4, '2022-08-08', '05:00:00', '16:00:00', '01:15:00', 0),
        (323, 4, '2022-08-09', '05:00:00', '19:10:00', '01:30:00', 0),
        (324, 4, '2022-08-10', '05:25:00', '17:10:00', '01:15:00', 0),
        (325, 4, '2022-08-11', '05:00:00', '16:10:00', '01:15:00', 0),
        (326, 4, '2022-08-12', '05:08:00', '16:23:00', '01:15:00', 0),
        (327, 4, '2022-08-16', '05:00:00', '16:20:00', '01:15:00', 0),
        (328, 4, '2022-08-17', '05:38:00', '18:25:00', '01:30:00', 0),
        (329, 4, '2022-08-18', '05:00:00', '18:11:00', '01:30:00', 0),
        (330, 4, '2022-08-19', '05:00:00', '15:25:00', '01:15:00', 0),
        (331, 4, '2022-08-22', '05:00:00', '17:15:00', '01:15:00', 0),
        (332, 4, '2022-08-23', '05:00:00', '17:21:00', '01:15:00', 0),
        (333, 5, '2022-04-28', '06:35:00', '18:08:00', '01:15:00', 0),
        (334, 5, '2022-04-29', '06:12:00', '17:10:00', '01:15:00', 0),
        (335, 5, '2022-05-02', '05:05:00', '17:36:00', '01:30:00', 0),
        (336, 5, '2022-05-03', '05:00:00', '15:42:00', '01:15:00', 0),
        (337, 5, '2022-05-04', '05:00:00', '17:27:00', '01:15:00', 0),
        (338, 5, '2022-05-05', '05:38:00', '18:35:00', '01:30:00', 0),
        (339, 5, '2022-05-06', '06:01:00', '18:01:00', '01:15:00', 0),
        (340, 5, '2022-05-09', '06:19:00', '18:12:00', '01:15:00', 0),
        (341, 5, '2022-05-10', '05:33:00', '17:53:00', '01:15:00', 0),
        (342, 5, '2022-05-11', '06:24:00', '18:07:00', '01:15:00', 0),
        (343, 5, '2022-05-12', '06:33:00', '17:36:00', '01:15:00', 0),
        (344, 5, '2022-05-13', '05:00:00', '15:53:00', '01:15:00', 0),
        (345, 5, '2022-05-16', '07:03:00', '16:58:00', '01:15:00', 0),
        (346, 5, '2022-05-17', '06:20:00', '17:18:00', '01:15:00', 0),
        (347, 5, '2022-05-18', '05:29:00', '18:13:00', '01:30:00', 0),
        (348, 5, '2022-05-19', '05:00:00', '18:25:00', '01:30:00', 0),
        (349, 5, '2022-05-20', '05:59:00', '18:07:00', '01:15:00', 0),
        (350, 5, '2022-06-07', '06:50:00', '18:44:00', '01:15:00', 0),
        (351, 5, '2022-06-08', '06:15:00', '17:20:00', '01:15:00', 0),
        (352, 5, '2022-06-09', '05:00:00', '17:11:00', '01:15:00', 0),
        (353, 5, '2022-06-10', '05:47:00', '18:19:00', '01:30:00', 0),
        (354, 5, '2022-06-13', '05:40:00', '16:51:00', '01:15:00', 0),
        (355, 5, '2022-06-14', '05:02:00', '16:45:00', '01:15:00', 0),
        (356, 5, '2022-06-15', '05:49:00', '16:32:00', '01:15:00', 0),
        (357, 5, '2022-06-16', '05:41:00', '17:58:00', '01:15:00', 0),
        (358, 5, '2022-06-17', '05:00:00', '15:00:00', '01:15:00', 0),
        (359, 5, '2022-06-20', '05:00:00', '16:25:00', '01:15:00', 0),
        (360, 5, '2022-06-21', '05:27:00', '19:04:00', '01:30:00', 0),
        (361, 5, '2022-06-22', '07:25:00', '15:25:00', '00:45:00', 0),
        (362, 5, '2022-06-23', '07:53:00', '16:09:00', '00:45:00', 0),
        (363, 5, '2022-06-24', '05:00:00', '18:22:00', '01:30:00', 0),
        (364, 5, '2022-06-27', '06:15:00', '17:03:00', '01:15:00', 0),
        (365, 5, '2022-06-28', '05:55:00', '17:07:00', '01:15:00', 0),
        (366, 5, '2022-06-29', '05:43:00', '17:52:00', '01:15:00', 0),
        (367, 5, '2022-06-30', '05:00:00', '18:51:00', '01:30:00', 0),
        (368, 5, '2022-07-01', '05:00:00', '19:24:00', '01:30:00', 0),
        (369, 5, '2022-07-04', '05:03:00', '17:52:00', '01:30:00', 0),
        (370, 5, '2022-07-05', '05:49:00', '16:53:00', '01:15:00', 0),
        (371, 5, '2022-07-06', '05:18:00', '15:25:00', '01:15:00', 0),
        (372, 5, '2022-07-07', '05:00:00', '17:31:00', '01:30:00', 0),
        (373, 5, '2022-07-11', '05:02:00', '15:54:00', '01:15:00', 0),
        (374, 5, '2022-07-12', '05:06:00', '16:29:00', '01:15:00', 0),
        (375, 5, '2022-07-13', '05:00:00', '18:49:00', '01:30:00', 0),
        (376, 5, '2022-07-15', '05:00:00', '18:58:00', '01:30:00', 0),
        (377, 5, '2022-07-18', '05:01:00', '19:16:00', '01:30:00', 0),
        (378, 5, '2022-07-19', '05:08:00', '17:20:00', '01:15:00', 0),
        (379, 5, '2022-07-20', '06:16:00', '15:48:00', '01:15:00', 0),
        (380, 5, '2022-07-21', '05:00:00', '16:43:00', '01:15:00', 0),
        (381, 5, '2022-07-22', '05:00:00', '14:17:00', '00:45:00', 0),
        (382, 5, '2022-07-25', '05:03:00', '15:14:00', '01:15:00', 0),
        (383, 5, '2022-07-26', '05:26:00', '16:42:00', '01:15:00', 0),
        (384, 5, '2022-07-27', '05:00:00', '16:09:00', '01:15:00', 0),
        (385, 5, '2022-07-28', '05:00:00', '18:09:00', '01:30:00', 0),
        (386, 5, '2022-07-29', '05:00:00', '17:04:00', '01:15:00', 0),
        (387, 5, '2022-08-01', '05:00:00', '20:01:00', '01:30:00', 0),
        (388, 5, '2022-08-02', '06:20:00', '17:08:00', '01:15:00', 0),
        (389, 5, '2022-08-03', '06:00:00', '19:26:00', '01:30:00', 0),
        (390, 5, '2022-08-04', '05:32:00', '17:17:00', '01:15:00', 0),
        (391, 5, '2022-08-05', '05:41:00', '17:01:00', '01:15:00', 0),
        (392, 5, '2022-08-08', '05:00:00', '17:07:00', '01:15:00', 0),
        (393, 5, '2022-08-09', '06:17:00', '17:53:00', '01:15:00', 0),
        (394, 5, '2022-08-10', '05:01:00', '16:26:00', '01:15:00', 0),
        (395, 5, '2022-08-11', '05:33:00', '18:35:00', '01:30:00', 0),
        (396, 5, '2022-08-12', '05:43:00', '17:37:00', '01:15:00', 0),
        (397, 6, '2022-05-02', '06:15:00', '17:01:00', '01:15:00', 0),
        (398, 6, '2022-05-03', '05:00:00', '16:33:00', '01:15:00', 0),
        (399, 6, '2022-05-04', '06:10:00', '19:41:00', '01:30:00', 0),
        (400, 6, '2022-05-05', '05:00:00', '18:20:00', '01:30:00', 0),
        (401, 6, '2022-05-06', '05:00:00', '18:52:00', '01:30:00', 0),
        (402, 6, '2022-05-09', '05:55:00', '18:15:00', '01:15:00', 0),
        (403, 6, '2022-05-10', '05:00:00', '18:52:00', '01:30:00', 0),
        (404, 6, '2022-05-11', '06:02:00', '19:15:00', '01:30:00', 0),
        (405, 6, '2022-05-12', '05:00:00', '16:55:00', '01:15:00', 0),
        (406, 6, '2022-05-13', '06:00:00', '18:15:00', '01:15:00', 0),
        (407, 6, '2022-05-30', '07:41:00', '17:01:00', '00:45:00', 0),
        (408, 6, '2022-05-31', '05:00:00', '15:45:00', '01:15:00', 0),
        (409, 6, '2022-06-01', '06:10:00', '16:20:00', '01:15:00', 0),
        (410, 6, '2022-06-02', '06:00:00', '19:35:00', '01:30:00', 0),
        (411, 6, '2022-06-03', '06:10:00', '19:00:00', '01:30:00', 0),
        (412, 6, '2022-06-07', '05:00:00', '18:10:00', '01:30:00', 0),
        (413, 6, '2022-06-08', '05:00:00', '18:41:00', '01:30:00', 0),
        (414, 6, '2022-06-09', '05:53:00', '17:15:00', '01:15:00', 0),
        (415, 6, '2022-06-10', '06:05:00', '16:20:00', '01:15:00', 0),
        (416, 6, '2022-06-13', '06:30:00', '18:10:00', '01:15:00', 0),
        (417, 6, '2022-06-14', '05:45:00', '16:00:00', '01:15:00', 0),
        (418, 6, '2022-06-15', '05:40:00', '18:05:00', '01:15:00', 0),
        (419, 6, '2022-06-16', '10:00:00', '19:00:00', '00:45:00', 0),
        (420, 6, '2022-06-17', '05:35:00', '16:41:00', '01:15:00', 0),
        (421, 6, '2022-06-20', '05:00:00', '17:10:00', '01:15:00', 0),
        (422, 6, '2022-06-21', '05:01:00', '14:21:00', '00:45:00', 0),
        (423, 6, '2022-06-22', '05:00:00', '18:50:00', '01:30:00', 0),
        (424, 6, '2022-06-23', '06:20:00', '16:51:00', '01:15:00', 0),
        (425, 6, '2022-06-24', '05:00:00', '17:05:00', '01:15:00', 0),
        (426, 6, '2022-06-27', '05:00:00', '18:40:00', '01:30:00', 0),
        (427, 6, '2022-06-28', '05:05:00', '18:35:00', '01:30:00', 0),
        (428, 6, '2022-06-29', '06:04:00', '18:25:00', '01:15:00', 0),
        (429, 6, '2022-06-30', '05:00:00', '17:30:00', '01:30:00', 0),
        (430, 6, '2022-07-01', '05:25:00', '19:20:00', '01:30:00', 0),
        (431, 6, '2022-07-04', '05:50:00', '15:55:00', '01:15:00', 0),
        (432, 6, '2022-07-05', '05:30:00', '16:15:00', '01:15:00', 0),
        (433, 6, '2022-07-06', '06:05:00', '16:05:00', '01:15:00', 0),
        (434, 6, '2022-07-07', '06:00:00', '19:05:00', '01:30:00', 0),
        (435, 6, '2022-07-08', '05:55:00', '18:50:00', '01:30:00', 0),
        (436, 6, '2022-07-11', '05:51:00', '19:35:00', '01:30:00', 0),
        (437, 6, '2022-07-12', '06:05:00', '17:20:00', '01:15:00', 0),
        (438, 6, '2022-07-13', '05:12:00', '19:24:00', '01:30:00', 0),
        (439, 6, '2022-07-15', '06:35:00', '18:00:00', '01:15:00', 0),
        (440, 6, '2022-07-18', '06:00:00', '16:10:00', '01:15:00', 0),
        (441, 6, '2022-07-19', '05:00:00', '17:35:00', '01:30:00', 0),
        (442, 6, '2022-07-20', '06:41:00', '18:51:00', '01:15:00', 0),
        (443, 6, '2022-07-21', '06:40:00', '18:00:00', '01:15:00', 0),
        (444, 6, '2022-07-22', '05:00:00', '19:00:00', '01:30:00', 0),
        (445, 6, '2022-07-25', '05:10:00', '17:20:00', '01:15:00', 0),
        (446, 6, '2022-07-26', '07:30:00', '16:30:00', '00:45:00', 0),
        (447, 6, '2022-07-27', '05:00:00', '16:00:00', '01:15:00', 0),
        (448, 6, '2022-07-28', '05:36:00', '18:26:00', '01:30:00', 0),
        (449, 6, '2022-07-29', '05:15:00', '16:05:00', '01:15:00', 0),
        (450, 6, '2022-08-01', '06:30:00', '18:25:00', '01:15:00', 0),
        (451, 6, '2022-08-02', '05:05:00', '18:10:00', '01:30:00', 0),
        (452, 6, '2022-08-03', '05:30:00', '15:20:00', '01:15:00', 0),
        (453, 6, '2022-08-04', '06:30:00', '16:45:00', '01:15:00', 0),
        (454, 6, '2022-08-05', '05:00:00', '12:31:00', '00:45:00', 0),
        (455, 6, '2022-08-08', '05:00:00', '17:30:00', '01:30:00', 0),
        (456, 6, '2022-08-09', '05:05:00', '16:30:00', '01:15:00', 0),
        (457, 6, '2022-08-10', '05:05:00', '17:55:00', '01:30:00', 0),
        (458, 6, '2022-08-11', '05:10:00', '17:35:00', '01:15:00', 0),
        (459, 6, '2022-08-12', '05:20:00', '15:00:00', '01:15:00', 0),
        (460, 6, '2022-08-16', '05:00:00', '17:10:00', '01:15:00', 0),
        (461, 6, '2022-08-17', '05:30:00', '18:20:00', '01:30:00', 0),
        (462, 6, '2022-08-18', '05:30:00', '17:10:00', '01:15:00', 0),
        (463, 6, '2022-08-19', '07:30:00', '15:25:00', '00:45:00', 0),
        (464, 6, '2022-08-22', '05:00:00', '17:35:00', '01:30:00', 0),
        (465, 6, '2022-08-23', '07:20:00', '15:15:00', '00:45:00', 0),
        (466, 7, '2022-06-20', '08:00:00', '16:45:00', '00:45:00', 0),
        (467, 7, '2022-06-21', '08:00:00', '16:45:00', '00:45:00', 0),
        (468, 7, '2022-06-22', '08:00:00', '16:45:00', '00:45:00', 0),
        (469, 7, '2022-06-23', '08:00:00', '16:45:00', '00:45:00', 0),
        (470, 7, '2022-06-24', '08:00:00', '16:45:00', '00:45:00', 0),
        (471, 7, '2022-06-27', '08:00:00', '17:58:00', '01:00:00', 1),
        (472, 7, '2022-06-28', '07:37:00', '19:26:00', '01:00:00', 1),
        (473, 7, '2022-06-29', '07:00:00', '15:15:00', '00:45:00', 1),
        (474, 7, '2022-06-30', '06:00:00', '18:15:00', '01:30:00', 1),
        (475, 7, '2022-07-01', '04:40:00', '17:15:00', '01:15:00', 1),
        (476, 7, '2022-07-04', '05:15:00', '18:40:00', '00:45:00', 1),
        (477, 7, '2022-07-05', '06:54:00', '19:02:00', '01:30:00', 1),
        (478, 7, '2022-07-06', '06:30:00', '19:40:00', '01:15:00', 1),
        (479, 7, '2022-07-07', '07:07:00', '16:41:00', '01:00:00', 1),
        (480, 7, '2022-07-08', '07:53:00', '20:05:00', '00:45:00', 1),
        (481, 7, '2022-07-11', '07:13:00', '18:54:00', '01:00:00', 1),
        (482, 7, '2022-07-12', '06:45:00', '18:50:00', '00:45:00', 1),
        (483, 7, '2022-07-13', '07:14:00', '14:07:00', '00:45:00', 1),
        (484, 7, '2022-07-14', '08:00:00', '16:00:00', '00:00:00', 0),
        (485, 7, '2022-07-15', '08:00:00', '16:00:00', '00:00:00', 0),
        (486, 7, '2022-07-18', '06:53:00', '19:09:00', '00:45:00', 1),
        (487, 7, '2022-07-19', '06:58:00', '18:46:00', '01:00:00', 1),
        (488, 7, '2022-07-20', '06:30:00', '19:45:00', '00:45:00', 1),
        (489, 7, '2022-07-21', '07:06:00', '18:48:00', '00:45:00', 1),
        (490, 7, '2022-07-22', '06:57:00', '18:42:00', '01:00:00', 1),
        (491, 7, '2022-07-25', '05:36:00', '15:57:00', '00:45:00', 1),
        (492, 7, '2022-07-26', '05:00:00', '18:05:00', '00:45:00', 1),
        (493, 7, '2022-07-27', '05:55:00', '18:40:00', '01:00:00', 1),
        (494, 7, '2022-07-28', '06:50:00', '19:20:00', '01:30:00', 1),
        (495, 7, '2022-07-29', '07:51:00', '20:10:00', '00:45:00', 1),
        (496, 7, '2022-08-01', '06:54:00', '18:48:00', '01:00:00', 1),
        (497, 7, '2022-08-02', '06:58:00', '18:59:00', '01:30:00', 1),
        (498, 7, '2022-08-03', '06:52:00', '19:45:00', '01:00:00', 1),
        (499, 7, '2022-08-04', '07:17:00', '14:10:00', '00:45:00', 1),
        (500, 7, '2022-08-05', '06:17:00', '18:08:00', '01:00:00', 1),
        (501, 7, '2022-08-08', '06:31:00', '19:41:00', '01:30:00', 1),
        (502, 7, '2022-08-09', '07:11:00', '18:56:00', '01:00:00', 1),
        (503, 7, '2022-08-10', '07:15:00', '18:45:00', '01:00:00', 1),
        (504, 7, '2022-08-11', '06:50:00', '18:40:00', '01:00:00', 1),
        (505, 7, '2022-08-12', '05:09:00', '17:23:00', '01:30:00', 1),
        (506, 7, '2022-08-16', '07:07:00', '19:12:00', '01:30:00', 1),
        (507, 7, '2022-08-17', '07:18:00', '19:33:00', '01:30:00', 1),
        (508, 7, '2022-08-18', '07:30:00', '18:58:00', '01:00:00', 1),
        (509, 7, '2022-08-19', '05:22:00', '13:44:00', '00:45:00', 1),
        (510, 7, '2022-08-22', '06:49:00', '20:35:00', '01:30:00', 1),
        (511, 7, '2022-08-23', '07:53:00', '20:18:00', '01:30:00', 1),
        (512, 8, '2022-08-01', '06:25:00', '18:14:00', '01:15:00', 0),
        (513, 8, '2022-08-02', '07:10:00', '18:03:00', '01:15:00', 0),
        (514, 8, '2022-08-03', '06:13:00', '18:10:00', '01:15:00', 0),
        (515, 8, '2022-08-04', '07:23:00', '17:55:00', '01:15:00', 0),
        (516, 8, '2022-08-05', '05:15:00', '14:18:00', '00:45:00', 0),
        (517, 8, '2022-08-15', '07:00:00', '15:45:00', '00:45:00', 0),
        (518, 8, '2022-08-16', '06:34:00', '17:38:00', '01:15:00', 0),
        (519, 8, '2022-08-17', '05:14:00', '17:35:00', '01:15:00', 0),
        (520, 8, '2022-08-18', '05:17:00', '17:51:00', '01:30:00', 0),
        (521, 8, '2022-08-19', '05:03:00', '16:28:00', '01:15:00', 0),
        (522, 8, '2022-08-22', '08:00:00', '16:07:00', '00:45:00', 0),
        (523, 8, '2022-08-23', '05:05:00', '17:01:00', '01:15:00', 0),
        (524, 9, '2022-08-01', '06:00:00', '16:30:00', '01:15:00', 0),
        (525, 9, '2022-08-02', '05:30:00', '19:30:00', '01:30:00', 0),
        (526, 9, '2022-08-03', '07:00:00', '19:15:00', '01:15:00', 0),
        (527, 9, '2022-08-04', '05:15:00', '17:15:00', '01:15:00', 0),
        (528, 9, '2022-08-05', '07:30:00', '16:45:00', '00:45:00', 0),
        (529, 9, '2022-08-08', '06:00:00', '18:00:00', '01:15:00', 0),
        (530, 9, '2022-08-09', '07:00:00', '15:45:00', '00:45:00', 0),
        (531, 9, '2022-08-10', '06:00:00', '19:30:00', '01:30:00', 0),
        (532, 9, '2022-08-11', '05:30:00', '15:45:00', '01:15:00', 0),
        (533, 9, '2022-08-12', '06:00:00', '16:30:00', '01:15:00', 0),
        (534, 9, '2022-08-15', '08:00:00', '16:00:00', '00:45:00', 0),
        (535, 9, '2022-08-16', '06:00:00', '15:00:00', '00:45:00', 0),
        (536, 9, '2022-08-17', '06:30:00', '17:45:00', '01:15:00', 0),
        (537, 9, '2022-08-18', '05:30:00', '17:43:00', '01:15:00', 0),
        (538, 9, '2022-08-19', '07:06:00', '17:35:00', '01:15:00', 0),
        (539, 9, '2022-08-22', '06:14:00', '18:11:00', '01:15:00', 0),
        (540, 9, '2022-08-23', '06:12:00', '20:32:00', '01:30:00', 0),
        (541, 1, '2022-08-24', '07:26:00', '18:51:00', '01:15:00', 0);
