INSERT INTO Societe (id, nomSociete) VALUES
    (1, 'Santos'),
    (2, 'THC');

INSERT INTO Coupure (idSociete, borneDebut, borneFin, temps) VALUES
    (1, '00:00:00', '05:59:00', '00:00:00'),
    (1, '06:00:00', '09:29:00', '00:45:00'),
    (1, '09:30:00', '12:29:00', '01:15:00'),
    (1, '12:30:00', '23:59:00', '01:30:00'),
    (2, '00:00:00', '09:00:00', '00:45:00'),
    (2, '09:01:00', '12:00:00', '01:00:00'),
    (2, '12:01:00', '23:59:00', '01:30:00');

INSERT INTO User (id, nom, prenom, email, telephone, genre, code, inscription, idSociete, verifie, cleSecurite, ancienPlanning, preferenceEmail, bloquer, desactiver) VALUES
    (1, 'Bronsin', 'Stéphane', 'stefetlo@hotmail.com', NULL, 'Mr', '092715', '2022-03-01', 1, 0, '9148293156', 0, 0, 0, 0),
    (2, 'Bronsin', 'Baptiste', 'baptiste.bronsin@outlook.com', NULL, 'Mr', '010209', '2022-03-01', NULL, 1, '4660969696', 0, 0, 0, 0),
    (3, 'Nocenti', 'Gary', 'garynadege@live.fr', NULL, 'Mr', '111000', '2022-03-05', 1, 0, '1667204216', 1, 0, 0, 0),
    (4, 'Mellet', 'Lionel', 'lionel.mellet11@orange.fr', NULL, 'Mr', '110111', '2022-03-07', 1, 0, '4010694102', 0, 0, 0, 0),
    (5, 'Courtin', 'Tony', 'tonytyno30420@gmail.com', NULL, 'Mr', '220275', '2022-04-28', 1, 0, '3525804735', 0, 0, 0, 0),
    (6, 'Munoz', 'Marjorie', 'marjo_13_3@hotmail.fr', NULL, 'Mlle', '230791', '2022-04-29', 1, 0, '4147862483', 0, 0, 0, 0),
    (7, 'Calippe ', 'Yannig ', 'yan34320@live.fr', NULL, 'M', '190670', '2022-06-18', 2, 0, '6515880000', 0, 0, 0, 0),
    (8, 'Perez', 'Jean ', 'jean.perez3600@gmail.com', NULL, 'M', '197709', '2022-08-18', 1, 0, '4281023431', 0, 0, 0, 0),
    (9, 'Carrascosa', 'Jason', 'jason.carrascosa@gmail.com', NULL, 'M', '170797', '2022-08-18', 1, 0, '9631135641', 0, 0, 0, 0),
    (10, 'Ouadah', 'Sofiane', 'so.m3@hotmail.fr', NULL, 'M', '123456', '2022-09-05', 1, 0, '5882355461', 0, 0, 0, 0);

INSERT INTO Horaire (idUser, datage, hDebut, hFin, coupure, decouchage) VALUES
                                                                            (1, '2022-03-01', '05:00:00', '17:30:00', '01:15:00', 1),
                                                                            (1, '2022-03-02', '05:00:00', '15:30:00', '01:15:00', 0),
                                                                            (1, '2022-03-03', '05:25:00', '20:12:00', '01:30:00', 1),
                                                                            (1, '2022-03-04', '05:10:00', '15:51:00', '01:15:00', 0),
                                                                            (1, '2022-03-08', '06:15:00', '18:28:00', '01:15:00', 0),
                                                                            (1, '2022-03-09', '05:01:00', '18:16:00', '01:30:00', 0),
                                                                            (1, '2022-03-10', '05:01:00', '16:34:00', '01:15:00', 0),
                                                                            (1, '2022-03-11', '05:00:00', '18:18:00', '01:30:00', 0),
                                                                            (1, '2022-03-14', '05:00:00', '17:29:00', '01:15:00', 0),
                                                                            (1, '2022-03-15', '05:15:00', '17:36:00', '01:15:00', 0),
                                                                            (1, '2022-03-16', '05:01:00', '18:47:00', '01:30:00', 0),
                                                                            (1, '2022-03-17', '05:00:00', '17:18:00', '01:15:00', 0),
                                                                            (1, '2022-03-18', '05:00:00', '18:18:00', '01:30:00', 0),
                                                                            (1, '2022-03-21', '05:43:00', '18:53:00', '01:30:00', 0),
                                                                            (1, '2022-03-22', '05:56:00', '17:13:00', '01:15:00', 0),
                                                                            (1, '2022-03-23', '05:00:00', '18:09:00', '01:30:00', 0),
                                                                            (1, '2022-03-24', '05:58:00', '18:46:00', '01:30:00', 0),
                                                                            (1, '2022-03-25', '05:00:00', '12:38:00', '00:45:00', 0),
                                                                            (1, '2022-03-28', '05:01:00', '17:09:00', '01:15:00', 0),
                                                                            (1, '2022-03-29', '05:00:00', '18:31:00', '01:30:00', 1),
                                                                            (1, '2022-03-30', '06:29:00', '19:54:00', '01:30:00', 0),
                                                                            (1, '2022-03-31', '05:00:00', '16:53:00', '01:15:00', 0),
                                                                            (1, '2022-04-01', '05:00:00', '18:20:00', '01:30:00', 0),
                                                                            (1, '2022-04-11', '05:00:00', '19:02:00', '01:30:00', 0),
                                                                            (1, '2022-04-12', '05:00:00', '16:31:00', '01:15:00', 0),
                                                                            (1, '2022-04-13', '05:00:00', '17:59:00', '01:30:00', 1),
                                                                            (1, '2022-04-14', '05:58:00', '15:26:00', '00:45:00', 0),
                                                                            (1, '2022-04-15', '05:00:00', '18:39:00', '01:30:00', 0),
                                                                            (1, '2022-04-19', '05:00:00', '18:18:00', '01:30:00', 0),
                                                                            (1, '2022-04-20', '05:00:00', '17:09:00', '01:15:00', 0),
                                                                            (1, '2022-04-21', '05:00:00', '17:29:00', '01:15:00', 0),
                                                                            (1, '2022-04-22', '05:00:00', '19:13:00', '01:30:00', 0),
                                                                            (1, '2022-04-23', '07:29:00', '16:38:00', '00:45:00', 1),
                                                                            (1, '2022-04-25', '05:00:00', '16:30:00', '01:15:00', 0),
                                                                            (1, '2022-04-26', '06:00:00', '18:50:00', '01:30:00', 0),
                                                                            (1, '2022-04-27', '07:01:00', '18:58:00', '01:15:00', 0),
                                                                            (1, '2022-04-28', '05:00:00', '17:04:00', '01:15:00', 0),
                                                                            (1, '2022-04-29', '05:02:00', '17:19:00', '01:15:00', 0),
                                                                            (1, '2022-05-02', '05:14:00', '18:21:00', '01:30:00', 0),
                                                                            (1, '2022-05-03', '05:55:00', '18:24:00', '01:15:00', 0),
                                                                            (1, '2022-05-04', '05:00:00', '17:01:00', '01:15:00', 0),
                                                                            (1, '2022-05-05', '05:00:00', '19:46:00', '01:30:00', 0),
                                                                            (1, '2022-05-06', '06:16:00', '17:37:00', '01:15:00', 0),
                                                                            (1, '2022-05-09', '05:00:00', '16:25:00', '01:15:00', 0),
                                                                            (1, '2022-05-10', '05:00:00', '17:20:00', '01:15:00', 0),
                                                                            (1, '2022-05-11', '05:18:00', '18:53:00', '01:30:00', 0),
                                                                            (1, '2022-05-12', '05:00:00', '17:11:00', '01:15:00', 0),
                                                                            (1, '2022-05-13', '05:00:00', '17:10:00', '01:15:00', 0),
                                                                            (1, '2022-05-16', '06:02:00', '15:29:00', '00:45:00', 0),
                                                                            (1, '2022-05-17', '05:01:00', '18:13:00', '01:30:00', 0),
                                                                            (1, '2022-05-18', '05:00:00', '16:43:00', '01:15:00', 0),
                                                                            (1, '2022-05-19', '05:00:00', '17:28:00', '01:15:00', 0),
                                                                            (1, '2022-05-20', '05:00:00', '18:55:00', '01:30:00', 0),
                                                                            (1, '2022-05-23', '05:00:00', '11:28:00', '00:00:00', 0),
                                                                            (1, '2022-05-24', '05:00:00', '18:45:00', '01:30:00', 1),
                                                                            (1, '2022-05-25', '06:02:00', '18:20:00', '01:15:00', 0),
                                                                            (1, '2022-05-30', '05:00:00', '16:28:00', '01:15:00', 0),
                                                                            (1, '2022-05-31', '05:00:00', '17:28:00', '01:15:00', 0),
                                                                            (1, '2022-06-01', '05:00:00', '17:28:00', '01:15:00', 0),
                                                                            (1, '2022-06-02', '05:00:00', '16:15:00', '01:15:00', 0),
                                                                            (1, '2022-06-03', '06:05:00', '14:43:00', '00:45:00', 0),
                                                                            (1, '2022-06-07', '05:00:00', '18:07:00', '01:30:00', 0),
                                                                            (1, '2022-06-08', '05:01:00', '17:29:00', '01:15:00', 0),
                                                                            (1, '2022-06-09', '05:57:00', '16:30:00', '01:15:00', 0),
                                                                            (1, '2022-06-10', '04:59:00', '16:34:00', '01:15:00', 0),
                                                                            (1, '2022-06-13', '05:00:00', '17:29:00', '01:15:00', 0),
                                                                            (1, '2022-06-14', '05:00:00', '16:23:00', '01:15:00', 0),
                                                                            (1, '2022-06-15', '05:01:00', '17:12:00', '01:15:00', 0),
                                                                            (1, '2022-06-16', '05:00:00', '19:02:00', '01:30:00', 0),
                                                                            (1, '2022-06-17', '04:02:00', '14:22:00', '01:15:00', 0),
                                                                            (1, '2022-06-20', '05:00:00', '16:58:00', '01:15:00', 0),
                                                                            (1, '2022-06-21', '05:00:00', '18:16:00', '01:30:00', 1),
                                                                            (1, '2022-06-22', '06:00:00', '18:04:00', '01:15:00', 0),
                                                                            (1, '2022-06-23', '05:00:00', '16:45:00', '01:15:00', 0),
                                                                            (1, '2022-06-24', '05:00:00', '16:37:00', '01:15:00', 0),
                                                                            (1, '2022-06-27', '05:00:00', '17:47:00', '01:30:00', 0),
                                                                            (1, '2022-06-28', '05:00:00', '19:06:00', '01:30:00', 0),
                                                                            (1, '2022-06-29', '05:00:00', '17:27:00', '01:15:00', 0),
                                                                            (1, '2022-06-30', '05:00:00', '17:48:00', '01:30:00', 0),
                                                                            (1, '2022-07-01', '05:00:00', '15:20:00', '01:15:00', 0),
                                                                            (1, '2022-07-04', '05:00:00', '16:25:00', '01:15:00', 0),
                                                                            (1, '2022-07-05', '05:00:00', '18:35:00', '01:30:00', 0),
                                                                            (1, '2022-07-06', '04:29:00', '17:16:00', '01:30:00', 0),
                                                                            (1, '2022-07-07', '05:00:00', '18:54:00', '01:30:00', 0),
                                                                            (1, '2022-07-08', '05:50:00', '17:34:00', '01:15:00', 0),
                                                                            (1, '2022-07-11', '07:30:00', '16:58:00', '00:45:00', 0),
                                                                            (1, '2022-07-12', '05:00:00', '18:20:00', '01:30:00', 0),
                                                                            (1, '2022-07-13', '05:57:00', '17:23:00', '01:15:00', 0),
                                                                            (1, '2022-07-14', '07:00:00', '16:00:00', '00:45:00', 0),
                                                                            (1, '2022-07-15', '05:00:00', '16:18:00', '01:15:00', 0),
                                                                            (1, '2022-07-18', '05:00:00', '16:49:00', '01:15:00', 0),
                                                                            (1, '2022-07-19', '05:00:00', '18:17:00', '01:30:00', 0),
                                                                            (1, '2022-08-06', '08:12:00', '08:58:00', '00:00:00', 0),
                                                                            (1, '2022-08-08', '06:58:00', '18:21:00', '01:15:00', 0),
                                                                            (1, '2022-08-09', '05:26:00', '17:15:00', '01:15:00', 0),
                                                                            (1, '2022-08-10', '05:00:00', '18:05:00', '01:30:00', 0),
                                                                            (1, '2022-08-11', '05:00:00', '16:58:00', '01:15:00', 0),
                                                                            (1, '2022-08-12', '05:00:00', '17:23:00', '01:15:00', 0),
                                                                            (1, '2022-08-15', '08:00:00', '16:45:00', '00:45:00', 0),
                                                                            (1, '2022-08-16', '05:59:00', '16:35:00', '01:15:00', 0),
                                                                            (1, '2022-08-17', '05:00:00', '18:54:00', '01:30:00', 0),
                                                                            (1, '2022-08-18', '05:00:00', '18:04:00', '01:30:00', 0),
                                                                            (1, '2022-08-19', '05:00:00', '18:34:00', '01:30:00', 0),
                                                                            (1, '2022-08-22', '05:00:00', '17:02:00', '01:15:00', 0),
                                                                            (1, '2022-08-23', '05:00:00', '17:29:00', '01:15:00', 0),
                                                                            (1, '2022-08-24', '05:00:00', '17:23:00', '01:15:00', 0),
                                                                            (1, '2022-08-25', '06:26:00', '18:26:00', '01:15:00', 0),
                                                                            (1, '2022-08-26', '05:00:00', '17:15:00', '01:15:00', 0),
                                                                            (1, '2022-08-29', '05:00:00', '18:21:00', '01:30:00', 0),
                                                                            (1, '2022-08-30', '05:57:00', '17:22:00', '01:15:00', 0),
                                                                            (1, '2022-08-31', '05:00:00', '17:24:00', '01:15:00', 0),
                                                                            (1, '2022-09-01', '07:05:00', '18:30:00', '01:15:00', 0),
                                                                            (1, '2022-09-02', '05:00:00', '16:42:00', '01:15:00', 0),
                                                                            (1, '2022-09-05', '05:59:00', '19:17:00', '01:30:00', 0),
                                                                            (1, '2022-09-06', '05:00:00', '17:20:00', '01:15:00', 0),
                                                                            (1, '2022-09-07', '06:00:00', '18:50:00', '01:30:00', 0),
                                                                            (1, '2022-09-08', '05:58:00', '19:21:00', '01:30:00', 0),
                                                                            (1, '2022-09-09', '05:29:00', '16:36:00', '01:15:00', 0),
                                                                            (1, '2022-09-12', '05:51:00', '18:38:00', '01:30:00', 0),
                                                                            (1, '2022-09-13', '05:00:00', '18:42:00', '01:30:00', 0),
                                                                            (1, '2022-09-14', '05:00:00', '17:58:00', '01:30:00', 0),
                                                                            (1, '2022-09-15', '05:29:00', '18:48:00', '01:30:00', 0),
                                                                            (1, '2022-09-16', '05:00:00', '18:32:00', '01:30:00', 0),
                                                                            (1, '2022-09-19', '05:00:00', '18:18:00', '01:30:00', 0),
                                                                            (1, '2022-09-20', '05:00:00', '17:28:00', '01:15:00', 0),
                                                                            (1, '2022-09-21', '06:56:00', '17:34:00', '01:15:00', 0),
                                                                            (1, '2022-09-22', '05:00:00', '18:19:00', '01:30:00', 0),
                                                                            (1, '2022-09-23', '05:45:00', '19:11:00', '01:30:00', 0),
                                                                            (1, '2022-09-26', '05:00:00', '19:06:00', '01:30:00', 0),
                                                                            (1, '2022-09-27', '05:00:00', '17:29:00', '01:15:00', 0),
                                                                            (1, '2022-09-28', '05:00:00', '18:05:00', '01:30:00', 0),
                                                                            (1, '2022-09-29', '06:55:00', '18:40:00', '01:15:00', 0),
                                                                            (1, '2022-09-30', '05:00:00', '17:11:00', '01:15:00', 0),
                                                                            (1, '2022-10-01', '08:29:00', '12:15:00', '00:00:00', 0),
                                                                            (1, '2022-10-03', '05:00:00', '19:35:00', '01:30:00', 0),
                                                                            (1, '2022-10-04', '05:00:00', '17:53:00', '01:30:00', 0),
                                                                            (1, '2022-10-05', '05:00:00', '17:29:00', '01:15:00', 0),
                                                                            (1, '2022-10-06', '05:00:00', '17:29:00', '01:15:00', 0),
                                                                            (1, '2022-10-07', '05:00:00', '16:34:00', '01:15:00', 0),
                                                                            (2, '2020-01-01', '07:50:00', '16:50:00', '01:00:00', 0),
                                                                            (2, '2022-01-01', '07:02:00', '14:02:00', '01:00:00', 0),
                                                                            (2, '2022-02-01', '08:02:00', '14:02:00', '01:00:00', 0),
                                                                            (2, '2022-03-01', '08:02:00', '14:02:00', '01:00:00', 0),
                                                                            (2, '2022-04-01', '09:03:00', '14:03:00', '01:00:00', 0),
                                                                            (2, '2022-05-01', '08:03:00', '14:03:00', '01:00:00', 0),
                                                                            (2, '2022-05-28', '04:48:00', '14:48:00', '07:00:00', 0),
                                                                            (2, '2022-06-01', '07:03:00', '14:03:00', '01:00:00', 0),
                                                                            (2, '2022-07-01', '07:03:00', '14:03:00', '01:00:00', 0),
                                                                            (2, '2022-08-01', '05:03:00', '14:03:00', '01:00:00', 0),
                                                                            (2, '2022-09-01', '05:04:00', '14:04:00', '01:00:00', 0),
                                                                            (2, '2022-10-01', '06:04:00', '14:04:00', '01:00:00', 0),
                                                                            (2, '2022-11-01', '04:04:00', '14:04:00', '01:00:00', 0),
                                                                            (2, '2022-12-01', '05:04:00', '14:04:00', '01:00:00', 0),
                                                                            (2, '2023-01-01', '07:05:00', '14:05:00', '01:00:00', 0),
                                                                            (2, '2023-02-01', '05:05:00', '14:05:00', '01:00:00', 0),
                                                                            (2, '2023-03-01', '05:05:00', '14:05:00', '01:00:00', 0),
                                                                            (2, '2023-04-01', '07:05:00', '14:05:00', '01:00:00', 0),
                                                                            (3, '2022-03-01', '05:00:00', '19:20:00', '01:30:00', 1),
                                                                            (3, '2022-03-02', '05:00:00', '17:30:00', '01:30:00', 0),
                                                                            (3, '2022-03-03', '05:00:00', '17:15:00', '01:15:00', 0),
                                                                            (3, '2022-03-04', '05:00:00', '14:45:00', '01:15:00', 0),
                                                                            (3, '2022-03-05', '05:00:00', '07:00:00', '00:00:00', 0),
                                                                            (3, '2022-03-07', '05:48:00', '15:04:00', '00:45:00', 0),
                                                                            (3, '2022-03-08', '05:04:00', '19:50:00', '01:30:00', 1),
                                                                            (3, '2022-03-09', '05:00:00', '19:19:00', '01:30:00', 0),
                                                                            (3, '2022-03-10', '05:35:00', '17:39:00', '01:15:00', 0),
                                                                            (3, '2022-03-11', '05:32:00', '16:53:00', '01:15:00', 0),
                                                                            (3, '2022-03-14', '05:03:00', '18:14:00', '01:30:00', 0),
                                                                            (3, '2022-03-15', '05:34:00', '17:46:00', '01:15:00', 0),
                                                                            (3, '2022-03-16', '05:21:00', '18:22:00', '01:30:00', 1),
                                                                            (3, '2022-03-17', '06:20:00', '16:44:00', '01:15:00', 0),
                                                                            (3, '2022-03-18', '05:32:00', '16:16:00', '01:15:00', 0),
                                                                            (3, '2022-03-21', '05:03:00', '19:02:00', '01:30:00', 0),
                                                                            (3, '2022-03-22', '05:05:00', '18:34:00', '01:30:00', 0),
                                                                            (3, '2022-03-23', '05:35:00', '18:57:00', '01:30:00', 0),
                                                                            (3, '2022-03-24', '06:02:00', '17:56:00', '01:15:00', 0),
                                                                            (3, '2022-03-25', '06:02:00', '18:36:00', '01:30:00', 0),
                                                                            (3, '2022-03-28', '05:04:00', '17:12:00', '01:15:00', 0),
                                                                            (3, '2022-03-29', '05:31:00', '17:10:00', '01:15:00', 0),
                                                                            (3, '2022-03-30', '05:35:00', '19:52:00', '01:30:00', 0),
                                                                            (3, '2022-03-31', '05:06:00', '16:11:00', '01:15:00', 0),
                                                                            (3, '2022-04-01', '05:27:00', '16:31:00', '01:15:00', 0),
                                                                            (3, '2022-04-04', '05:38:00', '18:14:00', '01:30:00', 0),
                                                                            (3, '2022-04-05', '05:31:00', '19:45:00', '01:30:00', 0),
                                                                            (3, '2022-04-06', '06:16:00', '19:00:00', '01:30:00', 0),
                                                                            (3, '2022-04-07', '05:33:00', '18:20:00', '01:30:00', 0),
                                                                            (3, '2022-04-08', '05:32:00', '18:32:00', '01:30:00', 0),
                                                                            (3, '2022-04-11', '05:31:00', '17:14:00', '01:15:00', 0),
                                                                            (3, '2022-04-12', '05:30:00', '17:29:00', '01:15:00', 0),
                                                                            (3, '2022-04-13', '05:06:00', '18:38:00', '01:30:00', 0),
                                                                            (3, '2022-04-14', '05:35:00', '18:01:00', '01:15:00', 0),
                                                                            (3, '2022-04-15', '05:02:00', '19:21:00', '01:30:00', 0),
                                                                            (3, '2022-04-18', '07:00:00', '15:45:00', '00:45:00', 0),
                                                                            (3, '2022-04-19', '05:03:00', '17:41:00', '01:30:00', 0),
                                                                            (3, '2022-04-20', '05:34:00', '18:43:00', '01:30:00', 0),
                                                                            (3, '2022-04-21', '05:32:00', '19:08:00', '01:30:00', 0),
                                                                            (3, '2022-04-22', '05:06:00', '19:00:00', '01:30:00', 0),
                                                                            (3, '2022-04-25', '05:01:00', '17:25:00', '01:15:00', 0),
                                                                            (3, '2022-04-26', '06:20:00', '18:04:00', '01:15:00', 0),
                                                                            (3, '2022-04-27', '05:32:00', '17:04:00', '01:15:00', 0),
                                                                            (3, '2022-04-28', '05:01:00', '18:27:00', '01:30:00', 0),
                                                                            (3, '2022-04-29', '05:05:00', '17:15:00', '01:15:00', 0),
                                                                            (3, '2022-05-02', '05:34:00', '18:32:00', '01:30:00', 0),
                                                                            (3, '2022-05-03', '05:33:00', '16:28:00', '01:15:00', 0),
                                                                            (3, '2022-05-04', '07:09:00', '18:47:00', '01:15:00', 0),
                                                                            (3, '2022-05-05', '05:55:00', '18:38:00', '01:30:00', 0),
                                                                            (3, '2022-05-06', '05:31:00', '19:29:00', '01:30:00', 0),
                                                                            (3, '2022-05-16', '04:59:00', '18:13:00', '01:30:00', 0),
                                                                            (3, '2022-05-17', '05:30:00', '19:15:00', '01:30:00', 0),
                                                                            (3, '2022-05-18', '05:30:00', '19:59:00', '01:30:00', 0),
                                                                            (3, '2022-05-19', '06:08:00', '18:27:00', '01:15:00', 0),
                                                                            (3, '2022-05-20', '05:33:00', '16:31:00', '01:15:00', 0),
                                                                            (3, '2022-05-23', '05:02:00', '12:30:00', '00:45:00', 0),
                                                                            (3, '2022-05-24', '05:01:00', '18:49:00', '01:30:00', 0),
                                                                            (3, '2022-05-25', '05:06:00', '16:14:00', '01:15:00', 0),
                                                                            (3, '2022-05-27', '05:46:00', '15:42:00', '01:15:00', 0),
                                                                            (3, '2022-05-30', '05:03:00', '14:17:00', '00:45:00', 0),
                                                                            (3, '2022-05-31', '06:14:00', '16:18:00', '01:15:00', 0),
                                                                            (3, '2022-06-01', '05:07:00', '17:04:00', '01:15:00', 0),
                                                                            (3, '2022-06-02', '05:01:00', '19:09:00', '01:30:00', 0),
                                                                            (3, '2022-06-03', '05:34:00', '16:13:00', '01:15:00', 0),
                                                                            (3, '2022-06-07', '05:32:00', '16:37:00', '01:15:00', 0),
                                                                            (3, '2022-06-08', '05:03:00', '17:09:00', '01:15:00', 0),
                                                                            (3, '2022-06-09', '05:03:00', '19:00:00', '01:30:00', 0),
                                                                            (3, '2022-06-10', '05:30:00', '17:33:00', '01:15:00', 0),
                                                                            (3, '2022-06-13', '08:00:00', '16:45:00', '00:45:00', 0),
                                                                            (3, '2022-06-14', '05:01:00', '16:23:00', '01:15:00', 0),
                                                                            (3, '2022-06-15', '06:05:00', '14:58:00', '00:45:00', 0),
                                                                            (3, '2022-06-16', '05:04:00', '17:23:00', '01:15:00', 0),
                                                                            (3, '2022-06-17', '05:30:00', '17:55:00', '01:15:00', 0),
                                                                            (3, '2022-06-20', '05:17:00', '17:30:00', '01:15:00', 0),
                                                                            (3, '2022-06-21', '06:15:00', '17:33:00', '01:15:00', 0),
                                                                            (3, '2022-06-22', '05:03:00', '18:25:00', '01:30:00', 0),
                                                                            (3, '2022-06-23', '05:04:00', '16:16:00', '01:15:00', 0),
                                                                            (3, '2022-06-24', '05:03:00', '16:54:00', '01:15:00', 0),
                                                                            (3, '2022-06-27', '05:10:00', '19:21:00', '01:30:00', 0),
                                                                            (3, '2022-06-28', '05:51:00', '16:22:00', '01:15:00', 0),
                                                                            (3, '2022-06-29', '05:02:00', '17:09:00', '01:15:00', 0),
                                                                            (3, '2022-06-30', '06:09:00', '19:55:00', '01:30:00', 0),
                                                                            (3, '2022-07-01', '05:17:00', '17:59:00', '01:30:00', 0),
                                                                            (3, '2022-07-04', '05:58:00', '16:31:00', '01:15:00', 0),
                                                                            (3, '2022-07-05', '05:03:00', '16:48:00', '01:15:00', 0),
                                                                            (3, '2022-07-06', '06:49:00', '17:54:00', '01:15:00', 0),
                                                                            (3, '2022-07-07', '05:07:00', '17:20:00', '01:15:00', 0),
                                                                            (3, '2022-07-08', '05:08:00', '16:58:00', '01:15:00', 0),
                                                                            (3, '2022-07-11', '05:04:00', '15:42:00', '01:15:00', 0),
                                                                            (3, '2022-07-12', '05:34:00', '16:39:00', '01:15:00', 0),
                                                                            (3, '2022-07-13', '05:05:00', '19:36:00', '01:30:00', 1),
                                                                            (3, '2022-07-14', '07:00:00', '15:45:00', '00:45:00', 0),
                                                                            (3, '2022-07-15', '05:03:00', '17:07:00', '01:15:00', 0),
                                                                            (3, '2022-07-18', '05:07:00', '17:14:00', '01:15:00', 0),
                                                                            (3, '2022-07-19', '05:58:00', '18:18:00', '01:15:00', 0),
                                                                            (3, '2022-07-20', '05:07:00', '17:43:00', '01:30:00', 0),
                                                                            (3, '2022-07-21', '05:03:00', '18:27:00', '01:30:00', 0),
                                                                            (3, '2022-07-22', '05:19:00', '14:24:00', '00:45:00', 0),
                                                                            (3, '2022-07-25', '05:59:00', '17:29:00', '01:15:00', 0),
                                                                            (3, '2022-07-26', '05:03:00', '18:29:00', '01:30:00', 0),
                                                                            (3, '2022-07-27', '05:49:00', '17:24:00', '01:15:00', 0),
                                                                            (3, '2022-07-28', '05:45:00', '17:00:00', '01:15:00', 0),
                                                                            (3, '2022-07-29', '05:14:00', '18:25:00', '01:30:00', 0),
                                                                            (3, '2022-08-08', '08:00:00', '15:45:00', '00:45:00', 0),
                                                                            (3, '2022-08-09', '08:00:00', '15:45:00', '00:45:00', 0),
                                                                            (3, '2022-08-10', '08:00:00', '15:45:00', '00:45:00', 0),
                                                                            (3, '2022-08-11', '08:00:00', '15:45:00', '00:45:00', 0),
                                                                            (3, '2022-08-12', '08:00:00', '15:45:00', '00:45:00', 0),
                                                                            (3, '2022-08-13', '08:00:00', '12:00:00', '00:00:00', 0),
                                                                            (3, '2022-08-15', '08:00:00', '16:15:00', '00:45:00', 0),
                                                                            (3, '2022-08-16', '05:32:00', '16:21:00', '01:15:00', 0),
                                                                            (3, '2022-08-17', '05:05:00', '18:32:00', '01:30:00', 0),
                                                                            (3, '2022-08-18', '05:33:00', '17:39:00', '01:15:00', 0),
                                                                            (3, '2022-08-19', '05:45:00', '18:08:00', '01:15:00', 0),
                                                                            (3, '2022-08-22', '05:44:00', '17:18:00', '01:15:00', 0),
                                                                            (3, '2022-08-23', '05:10:00', '18:39:00', '01:30:00', 0),
                                                                            (3, '2022-08-24', '05:35:00', '17:41:00', '01:15:00', 0),
                                                                            (3, '2022-08-25', '05:02:00', '19:25:00', '01:30:00', 0),
                                                                            (3, '2022-08-26', '06:17:00', '17:28:00', '01:15:00', 0),
                                                                            (3, '2022-08-29', '05:35:00', '17:40:00', '01:15:00', 0),
                                                                            (3, '2022-08-30', '05:04:00', '16:35:00', '01:15:00', 0),
                                                                            (3, '2022-08-31', '05:08:00', '18:16:00', '01:30:00', 0),
                                                                            (3, '2022-09-01', '05:08:00', '17:51:00', '01:30:00', 0),
                                                                            (3, '2022-09-02', '05:09:00', '17:53:00', '01:30:00', 0),
                                                                            (3, '2022-09-05', '05:40:00', '14:42:00', '00:45:00', 0),
                                                                            (3, '2022-09-06', '05:05:00', '17:00:00', '01:15:00', 0),
                                                                            (3, '2022-09-07', '05:04:00', '19:19:00', '01:30:00', 0),
                                                                            (3, '2022-09-08', '06:15:00', '17:47:00', '01:15:00', 0),
                                                                            (3, '2022-09-09', '05:18:00', '17:07:00', '01:15:00', 0),
                                                                            (3, '2022-09-12', '05:05:00', '17:50:00', '01:30:00', 0),
                                                                            (3, '2022-09-13', '05:02:00', '16:01:00', '01:15:00', 0),
                                                                            (3, '2022-09-14', '05:22:00', '18:32:00', '01:30:00', 0),
                                                                            (3, '2022-09-15', '05:33:00', '17:23:00', '01:15:00', 0),
                                                                            (3, '2022-09-16', '05:03:00', '19:13:00', '01:30:00', 0),
                                                                            (3, '2022-09-19', '05:06:00', '17:06:00', '01:15:00', 0),
                                                                            (3, '2022-09-20', '05:02:00', '19:06:00', '01:30:00', 0),
                                                                            (3, '2022-09-21', '05:06:00', '18:35:00', '01:30:00', 0),
                                                                            (3, '2022-09-22', '06:26:00', '17:22:00', '01:15:00', 0),
                                                                            (3, '2022-09-23', '05:17:00', '16:50:00', '01:15:00', 0),
                                                                            (3, '2022-09-26', '05:05:00', '16:50:00', '01:15:00', 0),
                                                                            (3, '2022-09-27', '05:15:00', '18:00:00', '01:30:00', 0),
                                                                            (3, '2022-09-28', '05:17:00', '19:10:00', '01:30:00', 0),
                                                                            (3, '2022-09-29', '05:14:00', '17:39:00', '01:15:00', 0),
                                                                            (3, '2022-09-30', '05:03:00', '17:18:00', '01:15:00', 0),
                                                                            (3, '2022-10-03', '05:04:00', '18:22:00', '01:30:00', 0),
                                                                            (3, '2022-10-04', '05:17:00', '17:37:00', '01:15:00', 0),
                                                                            (3, '2022-10-05', '05:12:00', '19:25:00', '01:30:00', 0),
                                                                            (3, '2022-10-06', '05:01:00', '16:00:00', '01:15:00', 0),
                                                                            (3, '2022-10-07', '05:00:00', '17:03:00', '01:15:00', 0),
                                                                            (4, '2022-03-03', '05:05:00', '16:45:00', '01:15:00', 0),
                                                                            (4, '2022-03-07', '05:04:00', '17:33:00', '01:15:00', 1),
                                                                            (4, '2022-03-08', '05:15:00', '20:36:00', '01:30:00', 1),
                                                                            (4, '2022-03-09', '06:28:00', '18:05:00', '01:15:00', 1),
                                                                            (4, '2022-03-10', '05:55:00', '17:55:00', '01:15:00', 1),
                                                                            (4, '2022-03-11', '05:26:00', '20:38:00', '01:30:00', 0),
                                                                            (4, '2022-03-14', '05:01:00', '18:40:00', '01:30:00', 0),
                                                                            (4, '2022-03-15', '05:39:00', '18:55:00', '01:30:00', 0),
                                                                            (4, '2022-03-16', '05:10:00', '18:00:00', '01:30:00', 0),
                                                                            (4, '2022-03-17', '05:00:00', '18:45:00', '01:30:00', 0),
                                                                            (4, '2022-03-18', '05:46:00', '15:24:00', '01:15:00', 0),
                                                                            (4, '2022-04-04', '05:36:00', '18:03:00', '01:15:00', 1),
                                                                            (4, '2022-04-05', '06:05:00', '19:58:00', '01:30:00', 0),
                                                                            (4, '2022-04-06', '05:06:00', '18:31:00', '01:30:00', 0),
                                                                            (4, '2022-04-07', '05:25:00', '17:30:00', '01:15:00', 1),
                                                                            (4, '2022-04-08', '05:55:00', '17:26:00', '01:15:00', 0),
                                                                            (4, '2022-04-11', '05:00:00', '17:59:00', '01:30:00', 1),
                                                                            (4, '2022-04-12', '06:22:00', '17:45:00', '01:15:00', 0),
                                                                            (4, '2022-04-13', '05:00:00', '19:05:00', '01:30:00', 0),
                                                                            (4, '2022-04-14', '05:00:00', '18:30:00', '01:30:00', 0),
                                                                            (4, '2022-04-15', '06:24:00', '17:01:00', '01:15:00', 0),
                                                                            (4, '2022-04-19', '05:01:00', '16:23:00', '01:15:00', 0),
                                                                            (4, '2022-04-20', '05:06:00', '17:46:00', '01:30:00', 0),
                                                                            (4, '2022-04-21', '05:16:00', '18:20:00', '01:30:00', 0),
                                                                            (4, '2022-04-22', '05:20:00', '18:14:00', '01:30:00', 0),
                                                                            (4, '2022-05-02', '05:00:00', '18:35:00', '01:30:00', 0),
                                                                            (4, '2022-05-03', '05:00:00', '18:34:00', '01:30:00', 1),
                                                                            (4, '2022-05-04', '05:53:00', '17:14:00', '01:15:00', 0),
                                                                            (4, '2022-05-05', '05:20:00', '19:10:00', '01:30:00', 0),
                                                                            (4, '2022-05-06', '05:21:00', '18:07:00', '01:30:00', 0),
                                                                            (4, '2022-05-09', '05:00:00', '15:16:00', '01:15:00', 0),
                                                                            (4, '2022-05-10', '06:03:00', '18:08:00', '01:15:00', 0),
                                                                            (4, '2022-05-11', '05:30:00', '18:20:00', '01:30:00', 0),
                                                                            (4, '2022-05-12', '05:25:00', '17:54:00', '01:15:00', 0),
                                                                            (4, '2022-05-13', '05:16:00', '14:36:00', '00:45:00', 0),
                                                                            (4, '2022-05-16', '06:15:00', '19:45:00', '01:30:00', 0),
                                                                            (4, '2022-05-17', '05:00:00', '17:45:00', '01:30:00', 0),
                                                                            (4, '2022-05-18', '05:00:00', '17:39:00', '01:30:00', 0),
                                                                            (4, '2022-05-19', '05:06:00', '18:20:00', '01:30:00', 0),
                                                                            (4, '2022-05-20', '05:00:00', '17:25:00', '01:15:00', 0),
                                                                            (4, '2022-05-23', '05:00:00', '17:16:00', '01:15:00', 0),
                                                                            (4, '2022-05-24', '05:00:00', '18:50:00', '01:30:00', 0),
                                                                            (4, '2022-05-25', '05:00:00', '16:27:00', '01:15:00', 0),
                                                                            (4, '2022-05-27', '05:35:00', '16:35:00', '01:15:00', 0),
                                                                            (4, '2022-05-30', '05:06:00', '16:42:00', '01:15:00', 0),
                                                                            (4, '2022-05-31', '05:03:00', '18:28:00', '01:30:00', 0),
                                                                            (4, '2022-06-01', '05:00:00', '16:06:00', '01:15:00', 0),
                                                                            (4, '2022-06-02', '05:36:00', '17:45:00', '01:15:00', 0),
                                                                            (4, '2022-06-03', '06:09:00', '12:34:00', '00:45:00', 0),
                                                                            (4, '2022-06-07', '05:00:00', '18:15:00', '01:30:00', 1),
                                                                            (4, '2022-06-08', '06:15:00', '17:45:00', '01:15:00', 0),
                                                                            (4, '2022-06-09', '05:00:00', '17:15:00', '01:15:00', 0),
                                                                            (4, '2022-06-10', '05:00:00', '16:40:00', '01:15:00', 0),
                                                                            (4, '2022-06-13', '05:00:00', '18:20:00', '01:30:00', 0),
                                                                            (4, '2022-06-14', '05:00:00', '17:45:00', '01:30:00', 0),
                                                                            (4, '2022-06-15', '05:00:00', '17:29:00', '01:15:00', 0),
                                                                            (4, '2022-06-16', '05:00:00', '17:50:00', '01:30:00', 0),
                                                                            (4, '2022-06-17', '05:16:00', '17:33:00', '01:15:00', 0),
                                                                            (4, '2022-06-20', '05:19:00', '18:35:00', '01:30:00', 0),
                                                                            (4, '2022-06-21', '05:00:00', '17:00:00', '01:15:00', 0),
                                                                            (4, '2022-06-22', '05:00:00', '18:51:00', '01:30:00', 0),
                                                                            (4, '2022-06-23', '05:00:00', '17:25:00', '01:15:00', 0),
                                                                            (4, '2022-06-24', '05:00:00', '11:50:00', '00:45:00', 0),
                                                                            (4, '2022-07-04', '05:00:00', '17:21:00', '01:15:00', 0),
                                                                            (4, '2022-07-05', '05:23:00', '17:28:00', '01:15:00', 0),
                                                                            (4, '2022-07-06', '05:19:00', '16:12:00', '01:15:00', 0),
                                                                            (4, '2022-07-07', '05:00:00', '19:56:00', '01:30:00', 0),
                                                                            (4, '2022-07-08', '05:00:00', '20:44:00', '01:30:00', 0),
                                                                            (4, '2022-07-11', '05:00:00', '17:16:00', '01:15:00', 0),
                                                                            (4, '2022-07-12', '05:00:00', '17:06:00', '01:15:00', 0),
                                                                            (4, '2022-07-13', '05:00:00', '18:16:00', '01:30:00', 0),
                                                                            (4, '2022-07-15', '05:00:00', '17:16:00', '01:15:00', 0),
                                                                            (4, '2022-07-18', '05:00:00', '16:26:00', '01:15:00', 0),
                                                                            (4, '2022-07-19', '05:00:00', '19:00:00', '01:30:00', 0),
                                                                            (4, '2022-07-20', '05:08:00', '17:30:00', '01:15:00', 0),
                                                                            (4, '2022-07-21', '05:15:00', '16:20:00', '01:15:00', 0),
                                                                            (4, '2022-07-22', '05:20:00', '15:00:00', '01:15:00', 0),
                                                                            (4, '2022-08-01', '05:17:00', '16:22:00', '01:15:00', 0),
                                                                            (4, '2022-08-02', '05:00:00', '17:47:00', '01:30:00', 0),
                                                                            (4, '2022-08-03', '05:00:00', '17:29:00', '01:15:00', 0),
                                                                            (4, '2022-08-04', '05:00:00', '18:26:00', '01:30:00', 0),
                                                                            (4, '2022-08-05', '05:00:00', '15:46:00', '01:15:00', 0),
                                                                            (4, '2022-08-08', '05:00:00', '16:00:00', '01:15:00', 0),
                                                                            (4, '2022-08-09', '05:00:00', '19:10:00', '01:30:00', 0),
                                                                            (4, '2022-08-10', '05:25:00', '17:10:00', '01:15:00', 0),
                                                                            (4, '2022-08-11', '05:00:00', '16:10:00', '01:15:00', 0),
                                                                            (4, '2022-08-12', '05:08:00', '16:23:00', '01:15:00', 0),
                                                                            (4, '2022-08-16', '05:00:00', '16:20:00', '01:15:00', 0),
                                                                            (4, '2022-08-17', '05:38:00', '18:25:00', '01:30:00', 0),
                                                                            (4, '2022-08-18', '05:00:00', '18:11:00', '01:30:00', 0),
                                                                            (4, '2022-08-19', '05:00:00', '15:25:00', '01:15:00', 0),
                                                                            (4, '2022-08-22', '05:00:00', '17:15:00', '01:15:00', 0),
                                                                            (4, '2022-08-23', '05:00:00', '17:21:00', '01:15:00', 0),
                                                                            (4, '2022-08-24', '05:00:00', '20:35:00', '01:30:00', 0),
                                                                            (4, '2022-08-25', '05:40:00', '17:15:00', '01:15:00', 0),
                                                                            (4, '2022-08-26', '06:15:00', '17:29:00', '01:15:00', 0),
                                                                            (4, '2022-08-29', '05:43:00', '16:00:00', '01:15:00', 0),
                                                                            (4, '2022-08-31', '05:03:00', '15:48:00', '01:15:00', 0),
                                                                            (4, '2022-09-01', '06:28:00', '17:16:00', '01:15:00', 0),
                                                                            (4, '2022-09-05', '05:09:00', '17:16:00', '01:15:00', 0),
                                                                            (4, '2022-09-06', '05:00:00', '17:02:00', '01:15:00', 0),
                                                                            (4, '2022-09-07', '05:00:00', '18:00:00', '01:30:00', 0),
                                                                            (4, '2022-09-08', '05:00:00', '17:20:00', '01:15:00', 0),
                                                                            (4, '2022-09-09', '05:00:00', '17:16:00', '01:15:00', 0),
                                                                            (4, '2022-09-12', '05:01:00', '18:36:00', '01:30:00', 0),
                                                                            (4, '2022-09-13', '05:00:00', '17:20:00', '01:15:00', 0),
                                                                            (4, '2022-09-14', '05:14:00', '17:42:00', '01:15:00', 0),
                                                                            (4, '2022-09-15', '05:00:00', '17:17:00', '01:15:00', 0),
                                                                            (4, '2022-09-16', '05:00:00', '17:08:00', '01:15:00', 0),
                                                                            (4, '2022-09-19', '05:00:00', '18:05:00', '01:30:00', 0),
                                                                            (4, '2022-09-20', '05:00:00', '17:29:00', '01:15:00', 0),
                                                                            (4, '2022-09-21', '05:01:00', '19:26:00', '01:30:00', 0),
                                                                            (4, '2022-09-22', '05:02:00', '18:59:00', '01:30:00', 0),
                                                                            (4, '2022-09-23', '05:03:00', '17:29:00', '01:15:00', 0),
                                                                            (4, '2022-09-24', '11:34:00', '12:21:00', '00:00:00', 0),
                                                                            (4, '2022-09-26', '05:05:00', '18:16:00', '01:30:00', 0),
                                                                            (4, '2022-09-27', '05:00:00', '17:51:00', '01:30:00', 0),
                                                                            (4, '2022-09-28', '05:01:00', '17:59:00', '01:30:00', 0),
                                                                            (4, '2022-09-29', '05:00:00', '18:35:00', '01:30:00', 0),
                                                                            (4, '2022-09-30', '05:00:00', '17:29:00', '01:15:00', 0),
                                                                            (4, '2022-10-03', '05:02:00', '17:17:00', '01:15:00', 0),
                                                                            (4, '2022-10-04', '05:00:00', '18:03:00', '01:30:00', 0),
                                                                            (4, '2022-10-05', '05:01:00', '17:12:00', '01:15:00', 0),
                                                                            (4, '2022-10-06', '05:00:00', '18:35:00', '01:30:00', 0),
                                                                            (4, '2022-10-07', '05:35:00', NULL, '00:00:00', 0),
                                                                            (5, '2022-04-28', '06:35:00', '18:08:00', '01:15:00', 0),
                                                                            (5, '2022-04-29', '06:12:00', '17:10:00', '01:15:00', 0),
                                                                            (5, '2022-05-02', '05:05:00', '17:36:00', '01:30:00', 0),
                                                                            (5, '2022-05-03', '05:00:00', '15:42:00', '01:15:00', 0),
                                                                            (5, '2022-05-04', '05:00:00', '17:27:00', '01:15:00', 0),
                                                                            (5, '2022-05-05', '05:38:00', '18:35:00', '01:30:00', 0),
                                                                            (5, '2022-05-06', '06:01:00', '18:01:00', '01:15:00', 0),
                                                                            (5, '2022-05-09', '06:19:00', '18:12:00', '01:15:00', 0),
                                                                            (5, '2022-05-10', '05:33:00', '17:53:00', '01:15:00', 0),
                                                                            (5, '2022-05-11', '06:24:00', '18:07:00', '01:15:00', 0),
                                                                            (5, '2022-05-12', '06:33:00', '17:36:00', '01:15:00', 0),
                                                                            (5, '2022-05-13', '05:00:00', '15:53:00', '01:15:00', 0),
                                                                            (5, '2022-05-16', '07:03:00', '16:58:00', '01:15:00', 0),
                                                                            (5, '2022-05-17', '06:20:00', '17:18:00', '01:15:00', 0),
                                                                            (5, '2022-05-18', '05:29:00', '18:13:00', '01:30:00', 0),
                                                                            (5, '2022-05-19', '05:00:00', '18:25:00', '01:30:00', 0),
                                                                            (5, '2022-05-20', '05:59:00', '18:07:00', '01:15:00', 0),
                                                                            (5, '2022-06-07', '06:50:00', '18:44:00', '01:15:00', 0),
                                                                            (5, '2022-06-08', '06:15:00', '17:20:00', '01:15:00', 0),
                                                                            (5, '2022-06-09', '05:00:00', '17:11:00', '01:15:00', 0),
                                                                            (5, '2022-06-10', '05:47:00', '18:19:00', '01:30:00', 0),
                                                                            (5, '2022-06-13', '05:40:00', '16:51:00', '01:15:00', 0),
                                                                            (5, '2022-06-14', '05:02:00', '16:45:00', '01:15:00', 0),
                                                                            (5, '2022-06-15', '05:49:00', '16:32:00', '01:15:00', 0),
                                                                            (5, '2022-06-16', '05:41:00', '17:58:00', '01:15:00', 0),
                                                                            (5, '2022-06-17', '05:00:00', '15:00:00', '01:15:00', 0),
                                                                            (5, '2022-06-20', '05:00:00', '16:25:00', '01:15:00', 0),
                                                                            (5, '2022-06-21', '05:27:00', '19:04:00', '01:30:00', 0),
                                                                            (5, '2022-06-22', '07:25:00', '15:25:00', '00:45:00', 0),
                                                                            (5, '2022-06-23', '07:53:00', '16:09:00', '00:45:00', 0),
                                                                            (5, '2022-06-24', '05:00:00', '18:22:00', '01:30:00', 0),
                                                                            (5, '2022-06-27', '06:15:00', '17:03:00', '01:15:00', 0),
                                                                            (5, '2022-06-28', '05:55:00', '17:07:00', '01:15:00', 0),
                                                                            (5, '2022-06-29', '05:43:00', '17:52:00', '01:15:00', 0),
                                                                            (5, '2022-06-30', '05:00:00', '18:51:00', '01:30:00', 0),
                                                                            (5, '2022-07-01', '05:00:00', '19:24:00', '01:30:00', 0),
                                                                            (5, '2022-07-04', '05:03:00', '17:52:00', '01:30:00', 0),
                                                                            (5, '2022-07-05', '05:49:00', '16:53:00', '01:15:00', 0),
                                                                            (5, '2022-07-06', '05:18:00', '15:25:00', '01:15:00', 0),
                                                                            (5, '2022-07-07', '05:00:00', '17:31:00', '01:30:00', 0),
                                                                            (5, '2022-07-11', '05:02:00', '15:54:00', '01:15:00', 0),
                                                                            (5, '2022-07-12', '05:06:00', '16:29:00', '01:15:00', 0),
                                                                            (5, '2022-07-13', '05:00:00', '18:49:00', '01:30:00', 0),
                                                                            (5, '2022-07-15', '05:00:00', '18:58:00', '01:30:00', 0),
                                                                            (5, '2022-07-18', '05:01:00', '19:16:00', '01:30:00', 0),
                                                                            (5, '2022-07-19', '05:08:00', '17:20:00', '01:15:00', 0),
                                                                            (5, '2022-07-20', '06:16:00', '15:48:00', '01:15:00', 0),
                                                                            (5, '2022-07-21', '05:00:00', '16:43:00', '01:15:00', 0),
                                                                            (5, '2022-07-22', '05:00:00', '14:17:00', '00:45:00', 0),
                                                                            (5, '2022-07-25', '05:03:00', '15:14:00', '01:15:00', 0),
                                                                            (5, '2022-07-26', '05:26:00', '16:42:00', '01:15:00', 0),
                                                                            (5, '2022-07-27', '05:00:00', '16:09:00', '01:15:00', 0),
                                                                            (5, '2022-07-28', '05:00:00', '18:09:00', '01:30:00', 0),
                                                                            (5, '2022-07-29', '05:00:00', '17:04:00', '01:15:00', 0),
                                                                            (5, '2022-08-01', '05:00:00', '20:01:00', '01:30:00', 0),
                                                                            (5, '2022-08-02', '06:20:00', '17:08:00', '01:15:00', 0),
                                                                            (5, '2022-08-03', '06:00:00', '19:26:00', '01:30:00', 0),
                                                                            (5, '2022-08-04', '05:32:00', '17:17:00', '01:15:00', 0),
                                                                            (5, '2022-08-05', '05:41:00', '17:01:00', '01:15:00', 0),
                                                                            (5, '2022-08-08', '05:00:00', '17:07:00', '01:15:00', 0),
                                                                            (5, '2022-08-09', '06:17:00', '17:53:00', '01:15:00', 0),
                                                                            (5, '2022-08-10', '05:01:00', '16:26:00', '01:15:00', 0),
                                                                            (5, '2022-08-11', '05:33:00', '18:35:00', '01:30:00', 0),
                                                                            (5, '2022-08-12', '05:43:00', '17:37:00', '01:15:00', 0),
                                                                            (5, '2022-08-30', '06:25:00', '17:47:00', '01:15:00', 0),
                                                                            (5, '2022-08-31', '05:47:00', '17:41:00', '01:15:00', 0),
                                                                            (5, '2022-09-01', '05:44:00', '18:33:00', '01:30:00', 0),
                                                                            (5, '2022-09-02', '06:02:00', '16:14:00', '01:15:00', 0),
                                                                            (5, '2022-09-05', '06:27:00', '18:41:00', '01:15:00', 0),
                                                                            (5, '2022-09-06', '06:06:00', '17:58:00', '01:15:00', 0),
                                                                            (5, '2022-09-07', '06:25:00', '14:51:00', '00:45:00', 0),
                                                                            (5, '2022-09-08', '06:24:00', '16:23:00', '01:15:00', 0),
                                                                            (5, '2022-09-09', '05:00:00', '15:54:00', '01:15:00', 0),
                                                                            (5, '2022-09-12', '05:01:00', '17:31:00', '01:30:00', 0),
                                                                            (5, '2022-09-13', '07:03:00', '19:08:00', '01:15:00', 0),
                                                                            (5, '2022-09-14', '05:27:00', '18:24:00', '01:30:00', 0),
                                                                            (5, '2022-09-15', '05:33:00', '15:45:00', '01:15:00', 0),
                                                                            (5, '2022-09-16', '05:01:00', '17:55:00', '01:30:00', 0),
                                                                            (5, '2022-09-19', '05:00:00', '19:38:00', '01:30:00', 0),
                                                                            (5, '2022-09-20', '06:37:00', '19:53:00', '01:30:00', 0),
                                                                            (5, '2022-09-21', '06:31:00', '16:08:00', '01:15:00', 0),
                                                                            (5, '2022-09-22', '05:00:00', '17:41:00', '01:30:00', 0),
                                                                            (5, '2022-09-23', '05:08:00', '18:28:00', '01:30:00', 0),
                                                                            (5, '2022-09-26', '06:45:00', '19:29:00', '01:30:00', 0),
                                                                            (5, '2022-09-27', '05:33:00', '18:35:00', '01:30:00', 0),
                                                                            (5, '2022-09-28', '05:00:00', '17:50:00', '01:30:00', 0),
                                                                            (5, '2022-09-29', '05:00:00', '17:15:00', '01:15:00', 0),
                                                                            (5, '2022-09-30', '05:54:00', '18:21:00', '01:15:00', 0),
                                                                            (5, '2022-10-04', '05:02:00', '18:07:00', '01:30:00', 0),
                                                                            (5, '2022-10-05', '06:20:00', '16:41:00', '01:15:00', 0),
                                                                            (5, '2022-10-06', '05:00:00', '16:40:00', '01:15:00', 0),
                                                                            (5, '2022-10-07', '05:00:00', '17:36:00', '01:30:00', 0),
                                                                            (6, '2022-05-02', '06:15:00', '17:01:00', '01:15:00', 0),
                                                                            (6, '2022-05-03', '05:00:00', '16:33:00', '01:15:00', 0),
                                                                            (6, '2022-05-04', '06:10:00', '19:41:00', '01:30:00', 0),
                                                                            (6, '2022-05-05', '05:00:00', '18:20:00', '01:30:00', 0),
                                                                            (6, '2022-05-06', '05:00:00', '18:52:00', '01:30:00', 0),
                                                                            (6, '2022-05-09', '05:55:00', '18:15:00', '01:15:00', 0),
                                                                            (6, '2022-05-10', '05:00:00', '18:52:00', '01:30:00', 0),
                                                                            (6, '2022-05-11', '06:02:00', '19:15:00', '01:30:00', 0),
                                                                            (6, '2022-05-12', '05:00:00', '16:55:00', '01:15:00', 0),
                                                                            (6, '2022-05-13', '06:00:00', '18:15:00', '01:15:00', 0),
                                                                            (6, '2022-05-30', '07:41:00', '17:01:00', '00:45:00', 0),
                                                                            (6, '2022-05-31', '05:00:00', '15:45:00', '01:15:00', 0),
                                                                            (6, '2022-06-01', '06:10:00', '16:20:00', '01:15:00', 0),
                                                                            (6, '2022-06-02', '06:00:00', '19:35:00', '01:30:00', 0),
                                                                            (6, '2022-06-03', '06:10:00', '19:00:00', '01:30:00', 0),
                                                                            (6, '2022-06-07', '05:00:00', '18:10:00', '01:30:00', 0),
                                                                            (6, '2022-06-08', '05:00:00', '18:41:00', '01:30:00', 0),
                                                                            (6, '2022-06-09', '05:53:00', '17:15:00', '01:15:00', 0),
                                                                            (6, '2022-06-10', '06:05:00', '16:20:00', '01:15:00', 0),
                                                                            (6, '2022-06-13', '06:30:00', '18:10:00', '01:15:00', 0),
                                                                            (6, '2022-06-14', '05:45:00', '16:00:00', '01:15:00', 0),
                                                                            (6, '2022-06-15', '05:40:00', '18:05:00', '01:15:00', 0),
                                                                            (6, '2022-06-16', '10:00:00', '19:00:00', '00:45:00', 0),
                                                                            (6, '2022-06-17', '05:35:00', '16:41:00', '01:15:00', 0),
                                                                            (6, '2022-06-20', '05:00:00', '17:10:00', '01:15:00', 0),
                                                                            (6, '2022-06-21', '05:01:00', '14:21:00', '00:45:00', 0),
                                                                            (6, '2022-06-22', '05:00:00', '18:50:00', '01:30:00', 0),
                                                                            (6, '2022-06-23', '06:20:00', '16:51:00', '01:15:00', 0),
                                                                            (6, '2022-06-24', '05:00:00', '17:05:00', '01:15:00', 0),
                                                                            (6, '2022-06-27', '05:00:00', '18:40:00', '01:30:00', 0),
                                                                            (6, '2022-06-28', '05:05:00', '18:35:00', '01:30:00', 0),
                                                                            (6, '2022-06-29', '06:04:00', '18:25:00', '01:15:00', 0),
                                                                            (6, '2022-06-30', '05:00:00', '17:30:00', '01:30:00', 0),
                                                                            (6, '2022-07-01', '05:25:00', '19:20:00', '01:30:00', 0),
                                                                            (6, '2022-07-04', '05:50:00', '15:55:00', '01:15:00', 0),
                                                                            (6, '2022-07-05', '05:30:00', '16:15:00', '01:15:00', 0),
                                                                            (6, '2022-07-06', '06:05:00', '16:05:00', '01:15:00', 0),
                                                                            (6, '2022-07-07', '06:00:00', '19:05:00', '01:30:00', 0),
                                                                            (6, '2022-07-08', '05:55:00', '18:50:00', '01:30:00', 0),
                                                                            (6, '2022-07-11', '05:51:00', '19:35:00', '01:30:00', 0),
                                                                            (6, '2022-07-12', '06:05:00', '17:20:00', '01:15:00', 0),
                                                                            (6, '2022-07-13', '05:12:00', '19:24:00', '01:30:00', 0),
                                                                            (6, '2022-07-15', '06:35:00', '18:00:00', '01:15:00', 0),
                                                                            (6, '2022-07-18', '06:00:00', '16:10:00', '01:15:00', 0),
                                                                            (6, '2022-07-19', '05:00:00', '17:35:00', '01:30:00', 0),
                                                                            (6, '2022-07-20', '06:41:00', '18:51:00', '01:15:00', 0),
                                                                            (6, '2022-07-21', '06:40:00', '18:00:00', '01:15:00', 0),
                                                                            (6, '2022-07-22', '05:00:00', '19:00:00', '01:30:00', 0),
                                                                            (6, '2022-07-25', '05:10:00', '17:20:00', '01:15:00', 0),
                                                                            (6, '2022-07-26', '07:30:00', '16:30:00', '00:45:00', 0),
                                                                            (6, '2022-07-27', '05:00:00', '16:00:00', '01:15:00', 0),
                                                                            (6, '2022-07-28', '05:36:00', '18:26:00', '01:30:00', 0),
                                                                            (6, '2022-07-29', '05:15:00', '16:05:00', '01:15:00', 0),
                                                                            (6, '2022-08-01', '06:30:00', '18:25:00', '01:15:00', 0),
                                                                            (6, '2022-08-02', '05:05:00', '18:10:00', '01:30:00', 0),
                                                                            (6, '2022-08-03', '05:30:00', '15:20:00', '01:15:00', 0),
                                                                            (6, '2022-08-04', '06:30:00', '16:45:00', '01:15:00', 0),
                                                                            (6, '2022-08-05', '05:00:00', '12:31:00', '00:45:00', 0),
                                                                            (6, '2022-08-08', '05:00:00', '17:30:00', '01:30:00', 0),
                                                                            (6, '2022-08-09', '05:05:00', '16:30:00', '01:15:00', 0),
                                                                            (6, '2022-08-10', '05:05:00', '17:55:00', '01:30:00', 0),
                                                                            (6, '2022-08-11', '05:10:00', '17:35:00', '01:15:00', 0),
                                                                            (6, '2022-08-12', '05:20:00', '15:00:00', '01:15:00', 0),
                                                                            (6, '2022-08-16', '05:00:00', '17:10:00', '01:15:00', 0),
                                                                            (6, '2022-08-17', '05:30:00', '18:20:00', '01:30:00', 0),
                                                                            (6, '2022-08-18', '05:30:00', '17:10:00', '01:15:00', 0),
                                                                            (6, '2022-08-19', '07:30:00', '15:25:00', '00:45:00', 0),
                                                                            (6, '2022-08-22', '05:00:00', '17:35:00', '01:30:00', 0),
                                                                            (6, '2022-08-23', '07:20:00', '15:15:00', '00:45:00', 0),
                                                                            (6, '2022-08-24', '05:00:00', '19:00:00', '01:30:00', 0),
                                                                            (6, '2022-08-25', '05:25:00', '17:10:00', '01:15:00', 0),
                                                                            (6, '2022-08-26', '05:25:00', '16:00:00', '01:15:00', 0),
                                                                            (6, '2022-08-29', '05:30:00', '18:45:00', '01:30:00', 0),
                                                                            (6, '2022-08-30', '05:15:00', '15:55:00', '01:15:00', 0),
                                                                            (6, '2022-08-31', '05:45:00', '18:15:00', '01:30:00', 0),
                                                                            (6, '2022-09-01', '05:25:00', '14:30:00', '00:45:00', 0),
                                                                            (6, '2022-09-02', '05:15:00', '18:15:00', '01:30:00', 0),
                                                                            (6, '2022-09-05', '07:55:00', '18:25:00', '01:15:00', 1),
                                                                            (6, '2022-09-06', '05:00:00', '18:15:00', '01:30:00', 1),
                                                                            (6, '2022-09-07', '05:05:00', '18:00:00', '01:30:00', 0),
                                                                            (6, '2022-09-08', '06:25:00', '19:10:00', '01:30:00', 1),
                                                                            (6, '2022-09-09', '05:00:00', '19:00:00', '01:30:00', 0),
                                                                            (6, '2022-09-12', '05:35:00', '18:20:00', '01:30:00', 1),
                                                                            (6, '2022-09-13', '05:20:00', '18:20:00', '01:30:00', 1),
                                                                            (6, '2022-09-14', '05:30:00', '19:25:00', '01:30:00', 0),
                                                                            (6, '2022-09-15', '06:35:00', '19:15:00', '01:30:00', 1),
                                                                            (6, '2022-09-16', '05:00:00', '17:15:00', '01:15:00', 0),
                                                                            (6, '2022-09-19', '07:40:00', '19:52:00', '01:15:00', 0),
                                                                            (6, '2022-09-20', '05:05:00', '20:00:00', '01:30:00', 0),
                                                                            (6, '2022-09-21', '05:30:00', '19:30:00', '01:30:00', 1),
                                                                            (6, '2022-09-22', '05:00:00', '19:40:00', '01:30:00', 1),
                                                                            (6, '2022-09-23', '05:00:00', '15:00:00', '01:15:00', 0),
                                                                            (6, '2022-09-26', '05:00:00', '19:50:00', '01:30:00', 0),
                                                                            (6, '2022-09-27', '05:35:00', '19:40:00', '01:30:00', 1),
                                                                            (6, '2022-09-28', '05:00:00', '17:00:00', '01:15:00', 0),
                                                                            (6, '2022-09-29', '05:30:00', '18:50:00', '01:30:00', 0),
                                                                            (6, '2022-09-30', '05:00:00', '15:45:00', '01:15:00', 0),
                                                                            (6, '2022-10-03', '05:05:00', '15:50:00', '01:15:00', 0),
                                                                            (6, '2022-10-04', '05:12:00', '18:42:00', '01:30:00', 0),
                                                                            (6, '2022-10-05', '05:00:00', '19:20:00', '01:30:00', 1),
                                                                            (6, '2022-10-06', '05:00:00', '19:05:00', '01:30:00', 0),
                                                                            (6, '2022-10-07', '05:10:00', '18:05:00', '01:30:00', 0),
                                                                            (7, '2022-06-20', '08:00:00', '16:45:00', '00:45:00', 0),
                                                                            (7, '2022-06-21', '08:00:00', '16:45:00', '00:45:00', 0),
                                                                            (7, '2022-06-22', '08:00:00', '16:45:00', '00:45:00', 0),
                                                                            (7, '2022-06-23', '08:00:00', '16:45:00', '00:45:00', 0),
                                                                            (7, '2022-06-24', '08:00:00', '16:45:00', '00:45:00', 0),
                                                                            (7, '2022-06-27', '08:00:00', '17:58:00', '01:00:00', 1),
                                                                            (7, '2022-06-28', '07:37:00', '19:26:00', '01:00:00', 1),
                                                                            (7, '2022-06-29', '07:00:00', '15:15:00', '00:45:00', 1),
                                                                            (7, '2022-06-30', '06:00:00', '18:15:00', '01:30:00', 1),
                                                                            (7, '2022-07-01', '04:40:00', '17:15:00', '01:15:00', 1),
                                                                            (7, '2022-07-04', '05:15:00', '18:40:00', '00:45:00', 1),
                                                                            (7, '2022-07-05', '06:54:00', '19:02:00', '01:30:00', 1),
                                                                            (7, '2022-07-06', '06:30:00', '19:40:00', '01:15:00', 1),
                                                                            (7, '2022-07-07', '07:07:00', '16:41:00', '01:00:00', 1),
                                                                            (7, '2022-07-08', '07:53:00', '20:05:00', '00:45:00', 1),
                                                                            (7, '2022-07-11', '07:13:00', '18:54:00', '01:00:00', 1),
                                                                            (7, '2022-07-12', '06:45:00', '18:50:00', '00:45:00', 1),
                                                                            (7, '2022-07-13', '07:14:00', '14:07:00', '00:45:00', 1),
                                                                            (7, '2022-07-14', '08:00:00', '16:00:00', '00:00:00', 0),
                                                                            (7, '2022-07-15', '08:00:00', '16:00:00', '00:00:00', 0),
                                                                            (7, '2022-07-18', '06:53:00', '19:09:00', '00:45:00', 1),
                                                                            (7, '2022-07-19', '06:58:00', '18:46:00', '01:00:00', 1),
                                                                            (7, '2022-07-20', '06:30:00', '19:45:00', '00:45:00', 1),
                                                                            (7, '2022-07-21', '07:06:00', '18:48:00', '00:45:00', 1),
                                                                            (7, '2022-07-22', '06:57:00', '18:42:00', '01:00:00', 1),
                                                                            (7, '2022-07-25', '05:36:00', '15:57:00', '00:45:00', 1),
                                                                            (7, '2022-07-26', '05:00:00', '18:05:00', '00:45:00', 1),
                                                                            (7, '2022-07-27', '05:55:00', '18:40:00', '01:00:00', 1),
                                                                            (7, '2022-07-28', '06:50:00', '19:20:00', '01:30:00', 1),
                                                                            (7, '2022-07-29', '07:51:00', '20:10:00', '00:45:00', 1),
                                                                            (7, '2022-08-01', '06:54:00', '18:48:00', '01:00:00', 1),
                                                                            (7, '2022-08-02', '06:58:00', '18:59:00', '01:30:00', 1),
                                                                            (7, '2022-08-03', '06:52:00', '19:45:00', '01:00:00', 1),
                                                                            (7, '2022-08-04', '07:17:00', '14:10:00', '00:45:00', 1),
                                                                            (7, '2022-08-05', '06:17:00', '18:08:00', '01:00:00', 1),
                                                                            (7, '2022-08-08', '06:31:00', '19:41:00', '01:30:00', 1),
                                                                            (7, '2022-08-09', '07:11:00', '18:56:00', '01:00:00', 1),
                                                                            (7, '2022-08-10', '07:15:00', '18:45:00', '01:00:00', 1),
                                                                            (7, '2022-08-11', '06:50:00', '18:40:00', '01:00:00', 1),
                                                                            (7, '2022-08-12', '05:09:00', '17:23:00', '01:30:00', 1),
                                                                            (7, '2022-08-16', '07:07:00', '19:12:00', '01:30:00', 1),
                                                                            (7, '2022-08-17', '07:18:00', '19:33:00', '01:30:00', 1),
                                                                            (7, '2022-08-18', '07:30:00', '18:58:00', '01:00:00', 1),
                                                                            (7, '2022-08-19', '05:22:00', '13:44:00', '00:45:00', 1),
                                                                            (7, '2022-08-22', '06:49:00', '20:35:00', '01:30:00', 1),
                                                                            (7, '2022-08-23', '07:53:00', '20:18:00', '01:30:00', 1),
                                                                            (7, '2022-08-24', '06:34:00', '13:00:00', '00:45:00', 0),
                                                                            (7, '2022-08-25', '03:17:00', '16:30:00', '01:30:00', 1),
                                                                            (7, '2022-08-26', '06:30:00', '14:08:00', '00:45:00', 0),
                                                                            (7, '2022-08-29', '06:50:00', '19:00:00', '01:30:00', 1),
                                                                            (7, '2022-08-30', '06:56:00', '19:40:00', '01:30:00', 1),
                                                                            (7, '2022-08-31', '07:08:00', '19:30:00', '01:30:00', 1),
                                                                            (7, '2022-09-01', '06:38:00', '11:58:00', '00:45:00', 1),
                                                                            (7, '2022-09-02', '06:23:00', '17:35:00', '01:00:00', 1),
                                                                            (7, '2022-09-05', '06:25:00', '17:42:00', '01:00:00', 1),
                                                                            (7, '2022-09-06', '05:15:00', '17:10:00', '00:45:00', 1),
                                                                            (7, '2022-09-07', '05:58:00', '18:39:00', '00:45:00', 1),
                                                                            (7, '2022-09-08', '06:42:00', '19:26:00', '01:30:00', 1),
                                                                            (7, '2022-09-09', '07:26:00', '14:54:00', '00:45:00', 1),
                                                                            (7, '2022-09-12', '06:50:00', '19:16:00', '01:30:00', 0),
                                                                            (7, '2022-09-13', '07:42:00', '19:21:00', '01:00:00', 1),
                                                                            (7, '2022-09-14', '06:53:00', '17:00:00', '01:00:00', 0),
                                                                            (7, '2022-09-15', '07:30:00', '16:00:00', '00:45:00', 0),
                                                                            (7, '2022-09-16', '06:50:00', NULL, '00:00:00', 0),
                                                                            (7, '2022-10-03', '06:00:00', '19:20:00', '00:45:00', 1),
                                                                            (7, '2022-10-04', '07:07:00', '20:31:00', '01:30:00', 1),
                                                                            (7, '2022-10-05', '07:34:00', '19:13:00', '01:00:00', 1),
                                                                            (7, '2022-10-06', '07:05:00', '20:20:00', '01:30:00', 1),
                                                                            (7, '2022-10-07', '07:20:00', '09:42:00', '00:45:00', 0),
                                                                            (8, '2022-08-01', '06:25:00', '18:14:00', '01:15:00', 0),
                                                                            (8, '2022-08-02', '07:10:00', '18:03:00', '01:15:00', 0),
                                                                            (8, '2022-08-03', '06:13:00', '18:10:00', '01:15:00', 0),
                                                                            (8, '2022-08-04', '07:23:00', '17:55:00', '01:15:00', 0),
                                                                            (8, '2022-08-05', '05:15:00', '14:18:00', '00:45:00', 0),
                                                                            (8, '2022-08-15', '07:00:00', '15:45:00', '00:45:00', 0),
                                                                            (8, '2022-08-16', '06:34:00', '17:38:00', '01:15:00', 0),
                                                                            (8, '2022-08-17', '05:14:00', '17:35:00', '01:15:00', 0),
                                                                            (8, '2022-08-18', '05:17:00', '17:51:00', '01:30:00', 0),
                                                                            (8, '2022-08-19', '05:03:00', '16:28:00', '01:15:00', 0),
                                                                            (8, '2022-08-22', '08:00:00', '16:07:00', '00:45:00', 0),
                                                                            (8, '2022-08-23', '05:05:00', '17:01:00', '01:15:00', 0),
                                                                            (8, '2022-08-24', '06:05:00', '18:18:00', '01:15:00', 0),
                                                                            (8, '2022-08-25', '05:57:00', '18:24:00', '01:15:00', 0),
                                                                            (8, '2022-08-26', '06:03:00', '16:58:00', '01:15:00', 0),
                                                                            (8, '2022-08-29', '06:12:00', '18:36:00', '01:15:00', 0),
                                                                            (8, '2022-08-30', '06:55:00', '17:15:00', '01:15:00', 0),
                                                                            (8, '2022-08-31', '06:08:00', '18:15:00', '01:15:00', 0),
                                                                            (8, '2022-09-01', '06:10:00', '17:01:00', '01:15:00', 0),
                                                                            (8, '2022-09-02', '05:58:00', '18:47:00', '01:30:00', 0),
                                                                            (8, '2022-09-05', '05:44:00', '17:07:00', '01:15:00', 0),
                                                                            (8, '2022-09-06', '05:10:00', '16:44:00', '01:15:00', 0),
                                                                            (8, '2022-09-07', '06:52:00', '17:50:00', '01:15:00', 0),
                                                                            (8, '2022-09-08', '05:28:00', '16:52:00', '01:15:00', 0),
                                                                            (8, '2022-09-09', '05:43:00', '17:10:00', '01:15:00', 0),
                                                                            (8, '2022-09-19', '05:42:00', '17:10:00', '01:15:00', 0),
                                                                            (8, '2022-09-20', '05:49:00', '17:58:00', '01:15:00', 0),
                                                                            (8, '2022-09-21', '04:56:00', '16:12:00', '01:15:00', 0),
                                                                            (8, '2022-09-22', '05:28:00', '20:24:00', '01:30:00', 0),
                                                                            (8, '2022-09-23', '05:52:00', '16:45:00', '01:15:00', 0),
                                                                            (8, '2022-09-26', '05:57:00', '19:06:00', '01:30:00', 0),
                                                                            (8, '2022-09-27', '05:21:00', '18:27:00', '01:30:00', 0),
                                                                            (8, '2022-09-28', '05:54:00', '18:55:00', '01:30:00', 0),
                                                                            (8, '2022-09-29', '05:48:00', '18:03:00', '01:15:00', 0),
                                                                            (8, '2022-09-30', '10:30:00', '18:18:00', '00:45:00', 0),
                                                                            (8, '2022-10-03', '06:55:00', '18:03:00', '01:15:00', 0),
                                                                            (8, '2022-10-04', '06:01:00', '18:55:00', '01:30:00', 0),
                                                                            (8, '2022-10-05', '05:08:00', '17:10:00', '01:15:00', 0),
                                                                            (8, '2022-10-06', '05:50:00', '18:30:00', '01:30:00', 0),
                                                                            (8, '2022-10-07', '06:00:00', '18:01:00', '01:15:00', 0),
                                                                            (9, '2022-08-01', '06:00:00', '16:30:00', '01:15:00', 0),
                                                                            (9, '2022-08-02', '05:30:00', '19:30:00', '01:30:00', 0),
                                                                            (9, '2022-08-03', '07:00:00', '19:15:00', '01:15:00', 0),
                                                                            (9, '2022-08-04', '05:15:00', '17:15:00', '01:15:00', 0),
                                                                            (9, '2022-08-05', '07:30:00', '16:45:00', '00:45:00', 0),
                                                                            (9, '2022-08-08', '06:00:00', '18:00:00', '01:15:00', 0),
                                                                            (9, '2022-08-09', '07:00:00', '15:45:00', '00:45:00', 0),
                                                                            (9, '2022-08-10', '06:00:00', '19:30:00', '01:30:00', 0),
                                                                            (9, '2022-08-11', '05:30:00', '15:45:00', '01:15:00', 0),
                                                                            (9, '2022-08-12', '06:00:00', '16:30:00', '01:15:00', 0),
                                                                            (9, '2022-08-15', '08:00:00', '16:00:00', '00:45:00', 0),
                                                                            (9, '2022-08-16', '06:00:00', '15:00:00', '00:45:00', 0),
                                                                            (9, '2022-08-17', '06:30:00', '17:45:00', '01:15:00', 0),
                                                                            (9, '2022-08-18', '05:30:00', '17:43:00', '01:15:00', 0),
                                                                            (9, '2022-08-19', '07:06:00', '17:35:00', '01:15:00', 0),
                                                                            (9, '2022-08-22', '06:14:00', '18:11:00', '01:15:00', 0),
                                                                            (9, '2022-08-23', '06:12:00', '20:32:00', '01:30:00', 0),
                                                                            (9, '2022-08-24', '06:05:00', '18:07:00', '01:15:00', 0),
                                                                            (9, '2022-08-25', '06:05:00', '16:10:00', '01:15:00', 0),
                                                                            (9, '2022-08-26', '06:14:00', '18:30:00', '01:15:00', 0),
                                                                            (9, '2022-08-29', '06:14:00', '15:46:00', '01:15:00', 0),
                                                                            (9, '2022-08-30', '05:05:00', '16:44:00', '01:15:00', 0),
                                                                            (9, '2022-08-31', '05:40:00', '17:05:00', '01:15:00', 0),
                                                                            (9, '2022-09-01', '06:15:00', '18:11:00', '01:15:00', 0),
                                                                            (9, '2022-09-02', '05:01:00', '16:42:00', '01:15:00', 0),
                                                                            (9, '2022-09-05', '06:08:00', '16:49:00', '01:15:00', 0),
                                                                            (9, '2022-09-06', '06:32:00', '17:08:00', '01:15:00', 0),
                                                                            (9, '2022-09-07', '06:32:00', '19:54:00', '01:30:00', 0),
                                                                            (9, '2022-09-08', '05:50:00', '17:28:00', '01:15:00', 0),
                                                                            (9, '2022-09-09', '06:39:00', '18:15:00', '01:15:00', 0),
                                                                            (9, '2022-09-10', '10:30:00', '11:56:00', '00:00:00', 0),
                                                                            (9, '2022-09-12', '05:07:00', '18:53:00', '01:30:00', 0),
                                                                            (9, '2022-09-13', '05:16:00', '17:55:00', '01:30:00', 0),
                                                                            (9, '2022-09-14', '05:02:00', '16:41:00', '01:15:00', 0),
                                                                            (9, '2022-09-15', '05:02:00', '16:39:00', '01:15:00', 0),
                                                                            (9, '2022-09-16', '05:33:00', '19:05:00', '01:30:00', 0),
                                                                            (9, '2022-09-19', '05:36:00', '19:23:00', '01:30:00', 0),
                                                                            (9, '2022-09-20', '06:08:00', '18:01:00', '01:15:00', 0),
                                                                            (9, '2022-09-21', '05:57:00', '18:53:00', '01:30:00', 0),
                                                                            (9, '2022-09-22', '05:56:00', '22:03:00', '01:30:00', 0),
                                                                            (9, '2022-09-23', '07:09:00', '19:22:00', '01:15:00', 0),
                                                                            (9, '2022-09-26', '05:47:00', '16:33:00', '01:15:00', 0),
                                                                            (9, '2022-09-27', '05:16:00', '17:07:00', '01:15:00', 0),
                                                                            (9, '2022-09-28', '05:56:00', '17:14:00', '01:15:00', 0),
                                                                            (9, '2022-09-29', '06:00:00', '17:29:00', '01:15:00', 0),
                                                                            (9, '2022-09-30', '05:53:00', '18:08:00', '01:15:00', 0),
                                                                            (9, '2022-10-03', '05:40:00', '18:37:00', '01:30:00', 0),
                                                                            (9, '2022-10-04', '05:07:00', '17:11:00', '01:15:00', 0),
                                                                            (9, '2022-10-05', '06:03:00', '19:13:00', '01:30:00', 0),
                                                                            (9, '2022-10-06', '05:53:00', '17:23:00', '01:15:00', 0),
                                                                            (9, '2022-10-07', '06:06:00', '16:40:00', '01:15:00', 0);

